href,is_spider
http://www.happycamp.cc/v/20190503,True
http://www.happycamp.cc/v/20190427,True
http://www.happycamp.cc/v/20190420,True
http://www.happycamp.cc/v/20190413,True
http://www.happycamp.cc/v/20190406,True
http://www.happycamp.cc/v/20190330,True
http://www.happycamp.cc/v/20190323,True
http://www.happycamp.cc/v/20190316,True
http://www.happycamp.cc/v/20190309,True
http://www.happycamp.cc/v/20190302,True
http://www.happycamp.cc/v/20190223,True
http://www.happycamp.cc/v/20190216,True
http://www.happycamp.cc/v/20190209,True
http://www.happycamp.cc/v/20190202,True
http://www.happycamp.cc/v/20190126,True
http://www.happycamp.cc/v/20190119,True
http://www.happycamp.cc/v/20190112,True
http://www.happycamp.cc/v/20190105,True
http://www.happycamp.cc/v/20181230,True
http://www.happycamp.cc/v/20181222,True
http://www.happycamp.cc/v/20181215,True
http://www.happycamp.cc/v/20181208,True
http://www.happycamp.cc/v/20181201,True
http://www.happycamp.cc/v/20181124,True
http://www.happycamp.cc/v/20181117,True
http://www.happycamp.cc/v/20181110,True
http://www.happycamp.cc/v/20181103,True
http://www.happycamp.cc/v/20181027,True
http://www.happycamp.cc/v/20181020,True
http://www.happycamp.cc/v/20181013,True
http://www.happycamp.cc/v/20181006,True
http://www.happycamp.cc/v/20181001,True
http://www.happycamp.cc/v/20180922,True
http://www.happycamp.cc/v/20180915,True
http://www.happycamp.cc/v/20180908,True
http://www.happycamp.cc/v/20180901,True
http://www.happycamp.cc/v/20180825,True
http://www.happycamp.cc/v/20180818,True
http://www.happycamp.cc/v/20180811,True
http://www.happycamp.cc/v/20180804,True
http://www.happycamp.cc/v/20180728,True
http://www.happycamp.cc/v/20180721,True
http://www.happycamp.cc/v/20180714,True
http://www.happycamp.cc/v/20180707,True
http://www.happycamp.cc/v/20180630,True
http://www.happycamp.cc/v/20180623,True
http://www.happycamp.cc/v/20180616,True
http://www.happycamp.cc/v/20180609,True
http://www.happycamp.cc/v/20180602,True
http://www.happycamp.cc/v/20180526,True
http://www.happycamp.cc/v/20180519,True
http://www.happycamp.cc/v/20180512,True
http://www.happycamp.cc/v/20180505,True
http://www.happycamp.cc/v/20180429,True
http://www.happycamp.cc/v/20180421,True
http://www.happycamp.cc/v/20180414,True
http://www.happycamp.cc/v/20180407,True
http://www.happycamp.cc/v/20180331,True
http://www.happycamp.cc/v/20180324,True
http://www.happycamp.cc/v/20180317,True
http://www.happycamp.cc/v/20180310,True
http://www.happycamp.cc/v/20180303,True
http://www.happycamp.cc/v/20180224,True
http://www.happycamp.cc/v/20180217,True
http://www.happycamp.cc/v/20180210,True
http://www.happycamp.cc/v/20180203,True
http://www.happycamp.cc/v/20180127,True
http://www.happycamp.cc/v/20180120,True
http://www.happycamp.cc/v/20180113,True
http://www.happycamp.cc/v/20180106,True
http://www.happycamp.cc/v/20171230,True
http://www.happycamp.cc/v/20171223,True
http://www.happycamp.cc/v/20171216,True
http://www.happycamp.cc/v/20171209,True
http://www.happycamp.cc/v/20171202,True
http://www.happycamp.cc/v/20171125,True
http://www.happycamp.cc/v/20171118,True
http://www.happycamp.cc/v/20171111,True
http://www.happycamp.cc/v/20171104,True
http://www.happycamp.cc/v/20171028,True
http://www.happycamp.cc/v/20171021,True
http://www.happycamp.cc/v/20171014,True
http://www.happycamp.cc/v/20171007,True
http://www.happycamp.cc/v/20170930,True
http://www.happycamp.cc/v/20170923,True
http://www.happycamp.cc/v/20170916,True
http://www.happycamp.cc/v/20170909,True
http://www.happycamp.cc/v/20170902,True
http://www.happycamp.cc/v/20170826,True
http://www.happycamp.cc/v/20170819,True
http://www.happycamp.cc/v/20170812,True
http://www.happycamp.cc/v/20170805,True
http://www.happycamp.cc/v/20170729,True
http://www.happycamp.cc/v/20170722,True
http://www.happycamp.cc/v/20170715,True
http://www.happycamp.cc/v/20170708,True
http://www.happycamp.cc/v/20170701,True
http://www.happycamp.cc/v/20170624,True
http://www.happycamp.cc/v/20170617,True
http://www.happycamp.cc/v/20170610,True
http://www.happycamp.cc/v/20170603,True
http://www.happycamp.cc/v/20170527,True
http://www.happycamp.cc/v/20170520,True
http://www.happycamp.cc/v/20170513,True
http://www.happycamp.cc/v/20170506,True
http://www.happycamp.cc/v/20170429,True
http://www.happycamp.cc/v/20170422,True
http://www.happycamp.cc/v/20170415,True
http://www.happycamp.cc/v/20170408,True
http://www.happycamp.cc/v/20170401,True
http://www.happycamp.cc/v/20170325,True
http://www.happycamp.cc/v/20170318,True
http://www.happycamp.cc/v/20170311,True
http://www.happycamp.cc/v/20170304,True
http://www.happycamp.cc/v/20170225,True
http://www.happycamp.cc/v/20170218,True
http://www.happycamp.cc/v/20170204,True
http://www.happycamp.cc/v/20170128,True
http://www.happycamp.cc/v/20170121,True
http://www.happycamp.cc/v/20170114,True
http://www.happycamp.cc/v/20170107,True
http://www.happycamp.cc/v/20161231,True
http://www.happycamp.cc/v/20161224,True
http://www.happycamp.cc/v/20161217,True
http://www.happycamp.cc/v/20161210,True
http://www.happycamp.cc/v/20161203,True
http://www.happycamp.cc/v/20161126,True
http://www.happycamp.cc/v/20161119,True
http://www.happycamp.cc/v/20161112,True
http://www.happycamp.cc/v/20161105,True
http://www.happycamp.cc/v/20161029,True
http://www.happycamp.cc/v/20161022,True
http://www.happycamp.cc/v/20161015,True
http://www.happycamp.cc/v/20161008,True
http://www.happycamp.cc/v/20161001,True
http://www.happycamp.cc/v/20160924,True
http://www.happycamp.cc/v/20160917,True
http://www.happycamp.cc/v/20160910,True
http://www.happycamp.cc/v/20160903,True
http://www.happycamp.cc/v/20160827,True
http://www.happycamp.cc/v/20160820,True
http://www.happycamp.cc/v/20160813,True
http://www.happycamp.cc/v/20160806,True
http://www.happycamp.cc/v/20160730,True
http://www.happycamp.cc/v/20160723,True
http://www.happycamp.cc/v/20160716,True
http://www.happycamp.cc/v/20160709,True
http://www.happycamp.cc/v/20160702,True
http://www.happycamp.cc/v/20160625,True
http://www.happycamp.cc/v/20160618,True
http://www.happycamp.cc/v/20160611,True
http://www.happycamp.cc/v/20160604,True
http://www.happycamp.cc/v/20160528,True
http://www.happycamp.cc/v/20160521,True
http://www.happycamp.cc/v/20160514,True
http://www.happycamp.cc/v/20160507,True
http://www.happycamp.cc/v/20160430,True
http://www.happycamp.cc/v/20160423,True
http://www.happycamp.cc/v/20160416,True
http://www.happycamp.cc/v/20160409,True
http://www.happycamp.cc/v/20160402,True
http://www.happycamp.cc/v/20160326,True
http://www.happycamp.cc/v/20160319,True
http://www.happycamp.cc/v/20160312,True
http://www.happycamp.cc/v/20160305,True
http://www.happycamp.cc/v/20160227,True
http://www.happycamp.cc/v/20160220,True
http://www.happycamp.cc/v/20160213,True
http://www.happycamp.cc/v/20160206,True
http://www.happycamp.cc/v/20160130,True
http://www.happycamp.cc/v/20160123,True
http://www.happycamp.cc/v/20160116,True
http://www.happycamp.cc/v/20160109,True
http://www.happycamp.cc/v/20160102,True
http://www.happycamp.cc/v/20151226,True
http://www.happycamp.cc/v/20151219,True
http://www.happycamp.cc/v/20151212,True
http://www.happycamp.cc/v/20151205,True
http://www.happycamp.cc/v/20151128,True
http://www.happycamp.cc/v/20151121,True
http://www.happycamp.cc/v/20151114,True
http://www.happycamp.cc/v/20151107,True
http://www.happycamp.cc/v/20151031,True
http://www.happycamp.cc/v/20151024,True
http://www.happycamp.cc/v/20151017,True
http://www.happycamp.cc/v/20151010,True
http://www.happycamp.cc/v/20151003,True
http://www.happycamp.cc/v/20150926,True
http://www.happycamp.cc/v/20150919,True
http://www.happycamp.cc/v/20150912,True
http://www.happycamp.cc/v/20150906,True
http://www.happycamp.cc/v/20150829,True
http://www.happycamp.cc/v/20150822,True
http://www.happycamp.cc/v/20150815,True
http://www.happycamp.cc/v/20150808,True
http://www.happycamp.cc/v/20150801,True
http://www.happycamp.cc/v/20150725,True
http://www.happycamp.cc/v/20150718,True
http://www.happycamp.cc/v/20150711,True
http://www.happycamp.cc/v/20150704,True
http://www.happycamp.cc/v/20150627,True
http://www.happycamp.cc/v/20150620,True
http://www.happycamp.cc/v/20150613,True
http://www.happycamp.cc/v/20150606,True
http://www.happycamp.cc/v/20150530,True
http://www.happycamp.cc/v/20150523,True
http://www.happycamp.cc/v/20150516,True
http://www.happycamp.cc/v/20150509,True
http://www.happycamp.cc/v/20150502,True
http://www.happycamp.cc/v/20150425,True
http://www.happycamp.cc/v/20150418,True
http://www.happycamp.cc/v/20150411,True
http://www.happycamp.cc/v/20150404,True
http://www.happycamp.cc/v/20150328,True
http://www.happycamp.cc/v/20150321,True
http://www.happycamp.cc/v/20150314,True
http://www.happycamp.cc/v/20150307,True
http://www.happycamp.cc/v/20150228,True
http://www.happycamp.cc/v/20150221,True
http://www.happycamp.cc/v/20150214,True
http://www.happycamp.cc/v/20150207,True
http://www.happycamp.cc/v/20150131,True
http://www.happycamp.cc/v/20150124,True
http://www.happycamp.cc/v/20150117,True
http://www.happycamp.cc/v/20150110,True
http://www.happycamp.cc/v/20150103,True
http://www.happycamp.cc/v/20141227,True
http://www.happycamp.cc/v/20141220,True
http://www.happycamp.cc/v/20141213,True
http://www.happycamp.cc/v/20141206,True
http://www.happycamp.cc/v/20141129,True
http://www.happycamp.cc/v/20141122,True
http://www.happycamp.cc/v/20141115,True
http://www.happycamp.cc/v/20141108,True
http://www.happycamp.cc/v/20141101,True
http://www.happycamp.cc/v/20141025,True
http://www.happycamp.cc/v/20141018,True
http://www.happycamp.cc/v/20141004,True
http://www.happycamp.cc/v/20140927,True
http://www.happycamp.cc/v/20140920,True
http://www.happycamp.cc/v/20140913,True
http://www.happycamp.cc/v/20140906,True
http://www.happycamp.cc/v/20140830,True
http://www.happycamp.cc/v/20140823,True
http://www.happycamp.cc/v/20140816,True
http://www.happycamp.cc/v/20140809,True
http://www.happycamp.cc/v/20140802,True
http://www.happycamp.cc/v/20140726,True
http://www.happycamp.cc/v/20140719,True
http://www.happycamp.cc/v/20140712,True
http://www.happycamp.cc/v/20140705,True
http://www.happycamp.cc/v/20140628,True
http://www.happycamp.cc/v/20140621,True
http://www.happycamp.cc/v/20140614,True
http://www.happycamp.cc/v/20140607,True
http://www.happycamp.cc/v/20140531,True
http://www.happycamp.cc/v/20140524,True
http://www.happycamp.cc/v/20140517,True
http://www.happycamp.cc/v/20140510,True
http://www.happycamp.cc/v/20140503,True
http://www.happycamp.cc/v/20140426,True
http://www.happycamp.cc/v/20140419,True
http://www.happycamp.cc/v/20140412,True
http://www.happycamp.cc/v/20140405,True
http://www.happycamp.cc/v/20140329,True
http://www.happycamp.cc/v/20140322,True
http://www.happycamp.cc/v/20140315,True
http://www.happycamp.cc/v/20140308,True
http://www.happycamp.cc/v/20140301,True
http://www.happycamp.cc/v/20140222,True
http://www.happycamp.cc/v/20140215,True
http://www.happycamp.cc/v/20140208,True
http://www.happycamp.cc/v/20140201,True
http://www.happycamp.cc/v/20140125,True
http://www.happycamp.cc/v/20140118,True
http://www.happycamp.cc/v/20140111,True
http://www.happycamp.cc/v/20140104,True
http://www.happycamp.cc/v/20131228,True
http://www.happycamp.cc/v/20131221,True
http://www.happycamp.cc/v/20131214,True
http://www.happycamp.cc/v/20131207,True
http://www.happycamp.cc/v/20131130,True
http://www.happycamp.cc/v/20131123,True
http://www.happycamp.cc/v/20131116,True
http://www.happycamp.cc/v/20131109,True
http://www.happycamp.cc/v/20131102,True
http://www.happycamp.cc/v/20131026,True
http://www.happycamp.cc/v/20131019,True
http://www.happycamp.cc/v/20131012,True
http://www.happycamp.cc/v/20131005,True
http://www.happycamp.cc/v/20130928,True
http://www.happycamp.cc/v/20130921,True
http://www.happycamp.cc/v/20130914,True
http://www.happycamp.cc/v/20130907,True
http://www.happycamp.cc/v/20130831,True
http://www.happycamp.cc/v/20130824,True
http://www.happycamp.cc/v/20130817,True
http://www.happycamp.cc/v/20130810,True
http://www.happycamp.cc/v/20130803,True
http://www.happycamp.cc/v/20130727,True
http://www.happycamp.cc/v/20130720,True
http://www.happycamp.cc/v/20130713,True
http://www.happycamp.cc/v/20130706,True
http://www.happycamp.cc/v/20130629,True
http://www.happycamp.cc/v/20130622,True
http://www.happycamp.cc/v/20130615,True
http://www.happycamp.cc/v/20130608,True
http://www.happycamp.cc/v/20130601,True
http://www.happycamp.cc/v/20130525,True
http://www.happycamp.cc/v/20130518,True
http://www.happycamp.cc/v/20130511,True
http://www.happycamp.cc/v/20130504,True
http://www.happycamp.cc/v/20130413,True
http://www.happycamp.cc/v/20130406,True
http://www.happycamp.cc/v/20130330,True
http://www.happycamp.cc/v/20130323,True
http://www.happycamp.cc/v/20130316,True
http://www.happycamp.cc/v/20130309,True
http://www.happycamp.cc/v/20130302,True
http://www.happycamp.cc/v/20130216,True
http://www.happycamp.cc/v/20130202,True
http://www.happycamp.cc/v/20130126,True
http://www.happycamp.cc/v/20130119,True
http://www.happycamp.cc/v/20130112,True
http://www.happycamp.cc/v/20130105,True
http://www.happycamp.cc/v/20130103,True
http://www.happycamp.cc/v/20130102,True
http://www.happycamp.cc/v/20121229,True
http://www.happycamp.cc/v/20121222,True
http://www.happycamp.cc/v/20121215,True
http://www.happycamp.cc/v/20121208,True
http://www.happycamp.cc/v/20121201,True
http://www.happycamp.cc/v/20121124,True
http://www.happycamp.cc/v/20121117,True
http://www.happycamp.cc/v/20121110,True
http://www.happycamp.cc/v/20121103,True
http://www.happycamp.cc/v/20121027,True
http://www.happycamp.cc/v/20121020,True
http://www.happycamp.cc/v/20121013,True
http://www.happycamp.cc/v/20121007,True
http://www.happycamp.cc/v/20121006,True
http://www.happycamp.cc/v/20121005,True
http://www.happycamp.cc/v/20121004,True
http://www.happycamp.cc/v/20121003,True
http://www.happycamp.cc/v/20121002,True
http://www.happycamp.cc/v/20121001,True
http://www.happycamp.cc/v/20120929,True
http://www.happycamp.cc/v/20120922,True
http://www.happycamp.cc/v/20120915,True
http://www.happycamp.cc/v/20120901,True
http://www.happycamp.cc/v/20120825,True
http://www.happycamp.cc/v/20120818,True
http://www.happycamp.cc/v/20120811,True
http://www.happycamp.cc/v/20120804,True
http://www.happycamp.cc/v/20120728,True
http://www.happycamp.cc/v/20120721,True
http://www.happycamp.cc/v/20120714,True
http://www.happycamp.cc/v/20120707,True
http://www.happycamp.cc/v/20120630,True
http://www.happycamp.cc/v/20120623,True
http://www.happycamp.cc/v/20120616,True
http://www.happycamp.cc/v/20120609,True
http://www.happycamp.cc/v/20120602,True
http://www.happycamp.cc/v/20120526,True
http://www.happycamp.cc/v/20120519,True
http://www.happycamp.cc/v/20120512,True
http://www.happycamp.cc/v/20120505,True
http://www.happycamp.cc/v/20120501,True
http://www.happycamp.cc/v/20120430,True
http://www.happycamp.cc/v/20120429,True
http://www.happycamp.cc/v/20120428,True
http://www.happycamp.cc/v/20120421,True
http://www.happycamp.cc/v/20120414,True
http://www.happycamp.cc/v/20120407,True
http://www.happycamp.cc/v/20120331,True
http://www.happycamp.cc/v/20120324,True
http://www.happycamp.cc/v/20120317,True
http://www.happycamp.cc/v/20120310,True
http://www.happycamp.cc/v/20120303,True
http://www.happycamp.cc/v/20120225,True
http://www.happycamp.cc/v/20120218,True
http://www.happycamp.cc/v/20120211,True
http://www.happycamp.cc/v/20120206,True
http://www.happycamp.cc/v/20120205,True
http://www.happycamp.cc/v/20120204,True
http://www.happycamp.cc/v/20120203,True
http://www.happycamp.cc/v/20120202,True
http://www.happycamp.cc/v/20120201,True
http://www.happycamp.cc/v/20120131,True
http://www.happycamp.cc/v/20120130,True
http://www.happycamp.cc/v/20120129,True
http://www.happycamp.cc/v/20120128,True
http://www.happycamp.cc/v/20120127,True
http://www.happycamp.cc/v/20120126,True
http://www.happycamp.cc/v/20120125,True
http://www.happycamp.cc/v/20120124,True
http://www.happycamp.cc/v/20120121,True
http://www.happycamp.cc/v/20120114,True
http://www.happycamp.cc/v/20120107,True
http://www.happycamp.cc/v/20120103,True
http://www.happycamp.cc/v/20120102,True
http://www.happycamp.cc/v/20111224,True
http://www.happycamp.cc/v/20111217,True
http://www.happycamp.cc/v/20111210,True
http://www.happycamp.cc/v/20111203,True
http://www.happycamp.cc/v/20111126,True
http://www.happycamp.cc/v/20111119,True
http://www.happycamp.cc/v/20111112,True
http://www.happycamp.cc/v/20111105,True
http://www.happycamp.cc/v/20111029,True
http://www.happycamp.cc/v/20111022,True
http://www.happycamp.cc/v/20111015,True
http://www.happycamp.cc/v/20111008,True
http://www.happycamp.cc/v/20111001,True
http://www.happycamp.cc/v/20110924,True
http://www.happycamp.cc/v/20110917,True
http://www.happycamp.cc/v/20110910,True
http://www.happycamp.cc/v/20110903,True
http://www.happycamp.cc/v/20110827,True
http://www.happycamp.cc/v/20110820,True
http://www.happycamp.cc/v/20110813,True
http://www.happycamp.cc/v/20110730,True
http://www.happycamp.cc/v/20110723,True
http://www.happycamp.cc/v/20110716,True
http://www.happycamp.cc/v/20110709,True
http://www.happycamp.cc/v/20110702,True
http://www.happycamp.cc/v/20110625,True
http://www.happycamp.cc/v/20110618,True
http://www.happycamp.cc/v/20110611,True
http://www.happycamp.cc/v/20110604,True
http://www.happycamp.cc/v/20110528,True
http://www.happycamp.cc/v/20110521,True
http://www.happycamp.cc/v/20110514,True
http://www.happycamp.cc/v/20110507,True
http://www.happycamp.cc/v/20110430,True
http://www.happycamp.cc/v/20110423,True
http://www.happycamp.cc/v/20110416,True
http://www.happycamp.cc/v/20110409,True
http://www.happycamp.cc/v/20110402,True
http://www.happycamp.cc/v/20110326,True
http://www.happycamp.cc/v/20110319,True
http://www.happycamp.cc/v/20110312,True
http://www.happycamp.cc/v/20110305,True
http://www.happycamp.cc/v/20110226,True
http://www.happycamp.cc/v/20110219,True
http://www.happycamp.cc/v/20110213,True
http://www.happycamp.cc/v/20110212,True
http://www.happycamp.cc/v/20110211,True
http://www.happycamp.cc/v/20110210,True
http://www.happycamp.cc/v/20110209,True
http://www.happycamp.cc/v/20110205,True
http://www.happycamp.cc/v/20110202,True
http://www.happycamp.cc/v/20110129,True
http://www.happycamp.cc/v/20110122,True
http://www.happycamp.cc/v/20110115,True
http://www.happycamp.cc/v/20110108,True
http://www.happycamp.cc/v/20110101,True
http://www.happycamp.cc/v/20101225,True
http://www.happycamp.cc/v/20101219,True
http://www.happycamp.cc/v/20101218,True
http://www.happycamp.cc/v/20101211,True
http://www.happycamp.cc/v/20101204,True
http://www.happycamp.cc/v/20101128,True
http://www.happycamp.cc/v/20101120,True
http://www.happycamp.cc/v/20101113,True
http://www.happycamp.cc/v/20101106,True
http://www.happycamp.cc/v/20101030,True
http://www.happycamp.cc/v/20101023,True
http://www.happycamp.cc/v/20101016,True
http://www.happycamp.cc/v/20101009,True
http://www.happycamp.cc/v/20101002,True
http://www.happycamp.cc/v/20100925,True
http://www.happycamp.cc/v/20100918,True
http://www.happycamp.cc/v/20100911,True
http://www.happycamp.cc/v/20100904,True
http://www.happycamp.cc/v/20100828,True
http://www.happycamp.cc/v/20100821,True
http://www.happycamp.cc/v/20100814,True
http://www.happycamp.cc/v/20100807,True
http://www.happycamp.cc/v/20100731,True
http://www.happycamp.cc/v/20100724,True
http://www.happycamp.cc/v/20100717,True
http://www.happycamp.cc/v/20100710,True
http://www.happycamp.cc/v/20100703,True
http://www.happycamp.cc/v/20100626,True
http://www.happycamp.cc/v/20100619,True
http://www.happycamp.cc/v/20100612,True
http://www.happycamp.cc/v/20100605,True
http://www.happycamp.cc/v/20100529,True
http://www.happycamp.cc/v/20100522,True
http://www.happycamp.cc/v/20100515,True
http://www.happycamp.cc/v/20100508,True
http://www.happycamp.cc/v/20100501,True
http://www.happycamp.cc/v/20100417,True
http://www.happycamp.cc/v/20100410,True
http://www.happycamp.cc/v/20100403,True
http://www.happycamp.cc/v/20100327,True
http://www.happycamp.cc/v/20100320,True
http://www.happycamp.cc/v/20100313,True
http://www.happycamp.cc/v/20100306,True
http://www.happycamp.cc/v/20100227,True
http://www.happycamp.cc/v/20100223,True
http://www.happycamp.cc/v/20100206,True
http://www.happycamp.cc/v/20100130,True
http://www.happycamp.cc/v/20100123,True
http://www.happycamp.cc/v/20100116,True
http://www.happycamp.cc/v/20100109,True
http://www.happycamp.cc/v/20100102,True
http://www.happycamp.cc/v/20091226,True
http://www.happycamp.cc/v/20091219,True
http://www.happycamp.cc/v/20091212,True
http://www.happycamp.cc/v/20091205,True
http://www.happycamp.cc/v/20091128,True
http://www.happycamp.cc/v/20091121,True
http://www.happycamp.cc/v/20091114,True
http://www.happycamp.cc/v/20091107,True
http://www.happycamp.cc/v/20091031,True
http://www.happycamp.cc/v/20091024,True
http://www.happycamp.cc/v/20091017,True
http://www.happycamp.cc/v/20091010,True
http://www.happycamp.cc/v/20091003,True
http://www.happycamp.cc/v/20090926,True
http://www.happycamp.cc/v/20090920,True
http://www.happycamp.cc/v/20090919,True
http://www.happycamp.cc/v/20090912,True
http://www.happycamp.cc/v/20090905,True
http://www.happycamp.cc/v/20090829,True
http://www.happycamp.cc/v/20090822,True
http://www.happycamp.cc/v/20090815,True
http://www.happycamp.cc/v/20090808,True
http://www.happycamp.cc/v/20090801,True
http://www.happycamp.cc/v/20090725,True
http://www.happycamp.cc/v/20090718,True
http://www.happycamp.cc/v/20090711,True
http://www.happycamp.cc/v/20090704,True
http://www.happycamp.cc/v/20090627,True
http://www.happycamp.cc/v/20090620,True
http://www.happycamp.cc/v/20090613,True
http://www.happycamp.cc/v/20090530,True
http://www.happycamp.cc/v/20090523,True
http://www.happycamp.cc/v/20090516,True
http://www.happycamp.cc/v/20090509,True
http://www.happycamp.cc/v/20090507,True
http://www.happycamp.cc/v/20090506,True
http://www.happycamp.cc/v/20090502,True
http://www.happycamp.cc/v/20090425,True
http://www.happycamp.cc/v/20090418,True
http://www.happycamp.cc/v/20090411,True
http://www.happycamp.cc/v/20090404,True
http://www.happycamp.cc/v/20090328,True
http://www.happycamp.cc/v/20090321,True
http://www.happycamp.cc/v/20090314,True
http://www.happycamp.cc/v/20090307,True
http://www.happycamp.cc/v/20090228,True
http://www.happycamp.cc/v/20090221,True
http://www.happycamp.cc/v/20090214,True
http://www.happycamp.cc/v/20090207,True
http://www.happycamp.cc/v/20090131,True
http://www.happycamp.cc/v/20090124,True
http://www.happycamp.cc/v/20090117,True
http://www.happycamp.cc/v/20090110,True
http://www.happycamp.cc/v/20090104,True
http://www.happycamp.cc/v/20090103,True
http://www.happycamp.cc/v/20081227,True
http://www.happycamp.cc/v/20081220,True
http://www.happycamp.cc/v/20081213,True
http://www.happycamp.cc/v/20081206,True
http://www.happycamp.cc/v/20081129,True
http://www.happycamp.cc/v/20081122,True
http://www.happycamp.cc/v/20081115,True
http://www.happycamp.cc/v/20081108,True
http://www.happycamp.cc/v/20081101,True
http://www.happycamp.cc/v/20081025,True
http://www.happycamp.cc/v/20081018,True
http://www.happycamp.cc/v/20081011,True
http://www.happycamp.cc/v/20081004,True
http://www.happycamp.cc/v/20080927,True
http://www.happycamp.cc/v/20080920,True
http://www.happycamp.cc/v/20080913,True
http://www.happycamp.cc/v/20080823,True
http://www.happycamp.cc/v/20080816,True
http://www.happycamp.cc/v/20080726,True
http://www.happycamp.cc/v/20080719,True
http://www.happycamp.cc/v/20080712,True
http://www.happycamp.cc/v/20071229,True
http://www.happycamp.cc/v/20071215,True
http://www.happycamp.cc/v/20071201,True
http://www.happycamp.cc/v/20071124,True
http://www.happycamp.cc/v/20071117,True
http://www.happycamp.cc/v/20071110,True
http://www.happycamp.cc/v/20071027,True
http://www.happycamp.cc/v/20071020,True
http://www.happycamp.cc/v/20071013,True
http://www.happycamp.cc/v/20071007,True
http://www.happycamp.cc/v/20071006,True
http://www.happycamp.cc/v/20070908,True
http://www.happycamp.cc/v/20070901,True
http://www.happycamp.cc/v/20070825,True
http://www.happycamp.cc/v/20070818,True
http://www.happycamp.cc/v/20070811,True
http://www.happycamp.cc/v/20070707,True
http://www.happycamp.cc/v/20070127,True
http://www.happycamp.cc/v/20060826,True
http://www.happycamp.cc/v/20060603,True
http://www.happycamp.cc/v/20060429,True
http://www.happycamp.cc/v/20060121,True
http://www.happycamp.cc/v/20050917,True
http://www.happycamp.cc/v/20050820,True
http://www.happycamp.cc/v/20050813,True
http://www.happycamp.cc/v/20050811,True
http://www.happycamp.cc/v/20050730,True
http://www.happycamp.cc/v/20050709,True
http://www.happycamp.cc/v/20050706,True
http://www.happycamp.cc/v/20050625,True
http://www.happycamp.cc/v/20050604,True
http://www.happycamp.cc/v/20050521,True
http://www.happycamp.cc/v/20050514,True
http://www.happycamp.cc/v/20050430,True
