title,href,is_crawled
两数之和,https://leetcode-cn.com/problems/two-sum,True
两数相加,https://leetcode-cn.com/problems/add-two-numbers,True
无重复字符的最长子串,https://leetcode-cn.com/problems/longest-substring-without-repeating-characters,True
寻找两个有序数组的中位数,https://leetcode-cn.com/problems/median-of-two-sorted-arrays,True
最长回文子串,https://leetcode-cn.com/problems/longest-palindromic-substring,True
Z 字形变换,https://leetcode-cn.com/problems/zigzag-conversion,True
整数反转,https://leetcode-cn.com/problems/reverse-integer,True
字符串转换整数 (atoi),https://leetcode-cn.com/problems/string-to-integer-atoi,True
回文数,https://leetcode-cn.com/problems/palindrome-number,True
正则表达式匹配,https://leetcode-cn.com/problems/regular-expression-matching,True
盛最多水的容器,https://leetcode-cn.com/problems/container-with-most-water,True
整数转罗马数字,https://leetcode-cn.com/problems/integer-to-roman,True
罗马数字转整数,https://leetcode-cn.com/problems/roman-to-integer,True
最长公共前缀,https://leetcode-cn.com/problems/longest-common-prefix,True
三数之和,https://leetcode-cn.com/problems/3sum,True
最接近的三数之和,https://leetcode-cn.com/problems/3sum-closest,True
电话号码的字母组合,https://leetcode-cn.com/problems/letter-combinations-of-a-phone-number,True
四数之和,https://leetcode-cn.com/problems/4sum,True
删除链表的倒数第N个节点,https://leetcode-cn.com/problems/remove-nth-node-from-end-of-list,True
有效的括号,https://leetcode-cn.com/problems/valid-parentheses,True
合并两个有序链表,https://leetcode-cn.com/problems/merge-two-sorted-lists,True
括号生成,https://leetcode-cn.com/problems/generate-parentheses,True
合并K个排序链表,https://leetcode-cn.com/problems/merge-k-sorted-lists,True
两两交换链表中的节点,https://leetcode-cn.com/problems/swap-nodes-in-pairs,True
k个一组翻转链表,https://leetcode-cn.com/problems/reverse-nodes-in-k-group,True
删除排序数组中的重复项,https://leetcode-cn.com/problems/remove-duplicates-from-sorted-array,True
移除元素,https://leetcode-cn.com/problems/remove-element,True
实现strStr(),https://leetcode-cn.com/problems/implement-strstr,True
两数相除,https://leetcode-cn.com/problems/divide-two-integers,True
串联所有单词的子串,https://leetcode-cn.com/problems/substring-with-concatenation-of-all-words,True
下一个排列,https://leetcode-cn.com/problems/next-permutation,True
最长有效括号,https://leetcode-cn.com/problems/longest-valid-parentheses,True
搜索旋转排序数组,https://leetcode-cn.com/problems/search-in-rotated-sorted-array,True
在排序数组中查找元素的第一个和最后一个位置,https://leetcode-cn.com/problems/find-first-and-last-position-of-element-in-sorted-array,True
搜索插入位置,https://leetcode-cn.com/problems/search-insert-position,True
有效的数独,https://leetcode-cn.com/problems/valid-sudoku,True
解数独,https://leetcode-cn.com/problems/sudoku-solver,True
报数,https://leetcode-cn.com/problems/count-and-say,True
组合总和,https://leetcode-cn.com/problems/combination-sum,True
组合总和 II,https://leetcode-cn.com/problems/combination-sum-ii,True
缺失的第一个正数,https://leetcode-cn.com/problems/first-missing-positive,True
接雨水,https://leetcode-cn.com/problems/trapping-rain-water,True
字符串相乘,https://leetcode-cn.com/problems/multiply-strings,True
通配符匹配,https://leetcode-cn.com/problems/wildcard-matching,True
跳跃游戏 II,https://leetcode-cn.com/problems/jump-game-ii,True
全排列,https://leetcode-cn.com/problems/permutations,True
全排列 II,https://leetcode-cn.com/problems/permutations-ii,True
旋转图像,https://leetcode-cn.com/problems/rotate-image,True
字母异位词分组,https://leetcode-cn.com/problems/group-anagrams,True
"Pow(x, n)",https://leetcode-cn.com/problems/powx-n,True
N皇后,https://leetcode-cn.com/problems/n-queens,True
N皇后 II,https://leetcode-cn.com/problems/n-queens-ii,True
最大子序和,https://leetcode-cn.com/problems/maximum-subarray,True
螺旋矩阵,https://leetcode-cn.com/problems/spiral-matrix,True
跳跃游戏,https://leetcode-cn.com/problems/jump-game,True
合并区间,https://leetcode-cn.com/problems/merge-intervals,True
插入区间,https://leetcode-cn.com/problems/insert-interval,True
最后一个单词的长度,https://leetcode-cn.com/problems/length-of-last-word,True
螺旋矩阵 II,https://leetcode-cn.com/problems/spiral-matrix-ii,True
第k个排列,https://leetcode-cn.com/problems/permutation-sequence,True
旋转链表,https://leetcode-cn.com/problems/rotate-list,True
不同路径,https://leetcode-cn.com/problems/unique-paths,True
不同路径 II,https://leetcode-cn.com/problems/unique-paths-ii,True
最小路径和,https://leetcode-cn.com/problems/minimum-path-sum,True
有效数字,https://leetcode-cn.com/problems/valid-number,True
加一,https://leetcode-cn.com/problems/plus-one,True
二进制求和,https://leetcode-cn.com/problems/add-binary,True
文本左右对齐,https://leetcode-cn.com/problems/text-justification,True
x 的平方根,https://leetcode-cn.com/problems/sqrtx,True
爬楼梯,https://leetcode-cn.com/problems/climbing-stairs,True
简化路径,https://leetcode-cn.com/problems/simplify-path,True
编辑距离,https://leetcode-cn.com/problems/edit-distance,True
矩阵置零,https://leetcode-cn.com/problems/set-matrix-zeroes,True
搜索二维矩阵,https://leetcode-cn.com/problems/search-a-2d-matrix,True
颜色分类,https://leetcode-cn.com/problems/sort-colors,True
最小覆盖子串,https://leetcode-cn.com/problems/minimum-window-substring,True
组合,https://leetcode-cn.com/problems/combinations,True
子集,https://leetcode-cn.com/problems/subsets,True
单词搜索,https://leetcode-cn.com/problems/word-search,True
删除排序数组中的重复项 II,https://leetcode-cn.com/problems/remove-duplicates-from-sorted-array-ii,True
搜索旋转排序数组 II,https://leetcode-cn.com/problems/search-in-rotated-sorted-array-ii,True
删除排序链表中的重复元素 II,https://leetcode-cn.com/problems/remove-duplicates-from-sorted-list-ii,True
删除排序链表中的重复元素,https://leetcode-cn.com/problems/remove-duplicates-from-sorted-list,True
柱状图中最大的矩形,https://leetcode-cn.com/problems/largest-rectangle-in-histogram,True
最大矩形,https://leetcode-cn.com/problems/maximal-rectangle,True
分隔链表,https://leetcode-cn.com/problems/partition-list,True
扰乱字符串,https://leetcode-cn.com/problems/scramble-string,True
合并两个有序数组,https://leetcode-cn.com/problems/merge-sorted-array,True
格雷编码,https://leetcode-cn.com/problems/gray-code,True
子集 II,https://leetcode-cn.com/problems/subsets-ii,True
解码方法,https://leetcode-cn.com/problems/decode-ways,True
反转链表 II,https://leetcode-cn.com/problems/reverse-linked-list-ii,True
复原IP地址,https://leetcode-cn.com/problems/restore-ip-addresses,True
二叉树的中序遍历,https://leetcode-cn.com/problems/binary-tree-inorder-traversal,True
不同的二叉搜索树 II,https://leetcode-cn.com/problems/unique-binary-search-trees-ii,True
不同的二叉搜索树,https://leetcode-cn.com/problems/unique-binary-search-trees,True
交错字符串,https://leetcode-cn.com/problems/interleaving-string,True
验证二叉搜索树,https://leetcode-cn.com/problems/validate-binary-search-tree,True
恢复二叉搜索树,https://leetcode-cn.com/problems/recover-binary-search-tree,True
相同的树,https://leetcode-cn.com/problems/same-tree,True
对称二叉树,https://leetcode-cn.com/problems/symmetric-tree,True
二叉树的层次遍历,https://leetcode-cn.com/problems/binary-tree-level-order-traversal,True
二叉树的锯齿形层次遍历,https://leetcode-cn.com/problems/binary-tree-zigzag-level-order-traversal,True
二叉树的最大深度,https://leetcode-cn.com/problems/maximum-depth-of-binary-tree,True
从前序与中序遍历序列构造二叉树,https://leetcode-cn.com/problems/construct-binary-tree-from-preorder-and-inorder-traversal,True
从中序与后序遍历序列构造二叉树,https://leetcode-cn.com/problems/construct-binary-tree-from-inorder-and-postorder-traversal,True
二叉树的层次遍历 II,https://leetcode-cn.com/problems/binary-tree-level-order-traversal-ii,True
将有序数组转换为二叉搜索树,https://leetcode-cn.com/problems/convert-sorted-array-to-binary-search-tree,True
有序链表转换二叉搜索树,https://leetcode-cn.com/problems/convert-sorted-list-to-binary-search-tree,True
平衡二叉树,https://leetcode-cn.com/problems/balanced-binary-tree,True
二叉树的最小深度,https://leetcode-cn.com/problems/minimum-depth-of-binary-tree,True
路径总和,https://leetcode-cn.com/problems/path-sum,True
路径总和 II,https://leetcode-cn.com/problems/path-sum-ii,True
二叉树展开为链表,https://leetcode-cn.com/problems/flatten-binary-tree-to-linked-list,True
不同的子序列,https://leetcode-cn.com/problems/distinct-subsequences,True
填充每个节点的下一个右侧节点指针,https://leetcode-cn.com/problems/populating-next-right-pointers-in-each-node,True
填充每个节点的下一个右侧节点指针 II,https://leetcode-cn.com/problems/populating-next-right-pointers-in-each-node-ii,True
杨辉三角,https://leetcode-cn.com/problems/pascals-triangle,True
杨辉三角 II,https://leetcode-cn.com/problems/pascals-triangle-ii,True
三角形最小路径和,https://leetcode-cn.com/problems/triangle,True
买卖股票的最佳时机,https://leetcode-cn.com/problems/best-time-to-buy-and-sell-stock,True
买卖股票的最佳时机 II,https://leetcode-cn.com/problems/best-time-to-buy-and-sell-stock-ii,True
买卖股票的最佳时机 III,https://leetcode-cn.com/problems/best-time-to-buy-and-sell-stock-iii,True
二叉树中的最大路径和,https://leetcode-cn.com/problems/binary-tree-maximum-path-sum,True
验证回文串,https://leetcode-cn.com/problems/valid-palindrome,True
单词接龙 II,https://leetcode-cn.com/problems/word-ladder-ii,True
单词接龙,https://leetcode-cn.com/problems/word-ladder,True
最长连续序列,https://leetcode-cn.com/problems/longest-consecutive-sequence,True
求根到叶子节点数字之和,https://leetcode-cn.com/problems/sum-root-to-leaf-numbers,True
被围绕的区域,https://leetcode-cn.com/problems/surrounded-regions,True
分割回文串,https://leetcode-cn.com/problems/palindrome-partitioning,True
分割回文串 II,https://leetcode-cn.com/problems/palindrome-partitioning-ii,True
克隆图,https://leetcode-cn.com/problems/clone-graph,True
加油站,https://leetcode-cn.com/problems/gas-station,True
分发糖果,https://leetcode-cn.com/problems/candy,True
只出现一次的数字,https://leetcode-cn.com/problems/single-number,True
只出现一次的数字 II,https://leetcode-cn.com/problems/single-number-ii,True
复制带随机指针的链表,https://leetcode-cn.com/problems/copy-list-with-random-pointer,True
单词拆分,https://leetcode-cn.com/problems/word-break,True
单词拆分 II,https://leetcode-cn.com/problems/word-break-ii,True
环形链表,https://leetcode-cn.com/problems/linked-list-cycle,True
环形链表 II,https://leetcode-cn.com/problems/linked-list-cycle-ii,True
重排链表,https://leetcode-cn.com/problems/reorder-list,True
二叉树的前序遍历,https://leetcode-cn.com/problems/binary-tree-preorder-traversal,True
二叉树的后序遍历,https://leetcode-cn.com/problems/binary-tree-postorder-traversal,True
LRU缓存机制,https://leetcode-cn.com/problems/lru-cache,True
对链表进行插入排序,https://leetcode-cn.com/problems/insertion-sort-list,True
排序链表,https://leetcode-cn.com/problems/sort-list,True
直线上最多的点数,https://leetcode-cn.com/problems/max-points-on-a-line,True
逆波兰表达式求值,https://leetcode-cn.com/problems/evaluate-reverse-polish-notation,True
翻转字符串里的单词,https://leetcode-cn.com/problems/reverse-words-in-a-string,True
乘积最大子序列,https://leetcode-cn.com/problems/maximum-product-subarray,True
寻找旋转排序数组中的最小值,https://leetcode-cn.com/problems/find-minimum-in-rotated-sorted-array,True
寻找旋转排序数组中的最小值 II,https://leetcode-cn.com/problems/find-minimum-in-rotated-sorted-array-ii,True
最小栈,https://leetcode-cn.com/problems/min-stack,True
相交链表,https://leetcode-cn.com/problems/intersection-of-two-linked-lists,True
寻找峰值,https://leetcode-cn.com/problems/find-peak-element,True
最大间距,https://leetcode-cn.com/problems/maximum-gap,True
比较版本号,https://leetcode-cn.com/problems/compare-version-numbers,True
分数到小数,https://leetcode-cn.com/problems/fraction-to-recurring-decimal,True
两数之和 II - 输入有序数组,https://leetcode-cn.com/problems/two-sum-ii-input-array-is-sorted,True
Excel表列名称,https://leetcode-cn.com/problems/excel-sheet-column-title,True
求众数,https://leetcode-cn.com/problems/majority-element,True
Excel表列序号,https://leetcode-cn.com/problems/excel-sheet-column-number,True
阶乘后的零,https://leetcode-cn.com/problems/factorial-trailing-zeroes,True
二叉搜索树迭代器,https://leetcode-cn.com/problems/binary-search-tree-iterator,True
地下城游戏,https://leetcode-cn.com/problems/dungeon-game,True
组合两个表,https://leetcode-cn.com/problems/combine-two-tables,True
第二高的薪水,https://leetcode-cn.com/problems/second-highest-salary,True
第N高的薪水,https://leetcode-cn.com/problems/nth-highest-salary,True
分数排名,https://leetcode-cn.com/problems/rank-scores,True
最大数,https://leetcode-cn.com/problems/largest-number,True
连续出现的数字,https://leetcode-cn.com/problems/consecutive-numbers,True
超过经理收入的员工,https://leetcode-cn.com/problems/employees-earning-more-than-their-managers,True
查找重复的电子邮箱,https://leetcode-cn.com/problems/duplicate-emails,True
从不订购的客户,https://leetcode-cn.com/problems/customers-who-never-order,True
部门工资最高的员工,https://leetcode-cn.com/problems/department-highest-salary,True
部门工资前三高的员工,https://leetcode-cn.com/problems/department-top-three-salaries,True
重复的DNA序列,https://leetcode-cn.com/problems/repeated-dna-sequences,True
买卖股票的最佳时机 IV,https://leetcode-cn.com/problems/best-time-to-buy-and-sell-stock-iv,True
旋转数组,https://leetcode-cn.com/problems/rotate-array,True
颠倒二进制位,https://leetcode-cn.com/problems/reverse-bits,True
位1的个数,https://leetcode-cn.com/problems/number-of-1-bits,True
统计词频,https://leetcode-cn.com/problems/word-frequency,True
有效电话号码,https://leetcode-cn.com/problems/valid-phone-numbers,True
转置文件,https://leetcode-cn.com/problems/transpose-file,True
第十行,https://leetcode-cn.com/problems/tenth-line,True
删除重复的电子邮箱,https://leetcode-cn.com/problems/delete-duplicate-emails,True
上升的温度,https://leetcode-cn.com/problems/rising-temperature,True
打家劫舍,https://leetcode-cn.com/problems/house-robber,True
二叉树的右视图,https://leetcode-cn.com/problems/binary-tree-right-side-view,True
岛屿的个数,https://leetcode-cn.com/problems/number-of-islands,True
数字范围按位与,https://leetcode-cn.com/problems/bitwise-and-of-numbers-range,True
快乐数,https://leetcode-cn.com/problems/happy-number,True
移除链表元素,https://leetcode-cn.com/problems/remove-linked-list-elements,True
计数质数,https://leetcode-cn.com/problems/count-primes,True
同构字符串,https://leetcode-cn.com/problems/isomorphic-strings,True
反转链表,https://leetcode-cn.com/problems/reverse-linked-list,True
课程表,https://leetcode-cn.com/problems/course-schedule,True
实现 Trie (前缀树),https://leetcode-cn.com/problems/implement-trie-prefix-tree,True
长度最小的子数组,https://leetcode-cn.com/problems/minimum-size-subarray-sum,True
课程表 II,https://leetcode-cn.com/problems/course-schedule-ii,True
添加与搜索单词 - 数据结构设计,https://leetcode-cn.com/problems/add-and-search-word-data-structure-design,True
单词搜索 II,https://leetcode-cn.com/problems/word-search-ii,True
打家劫舍 II,https://leetcode-cn.com/problems/house-robber-ii,True
最短回文串,https://leetcode-cn.com/problems/shortest-palindrome,True
数组中的第K个最大元素,https://leetcode-cn.com/problems/kth-largest-element-in-an-array,True
组合总和 III,https://leetcode-cn.com/problems/combination-sum-iii,True
存在重复元素,https://leetcode-cn.com/problems/contains-duplicate,True
天际线问题,https://leetcode-cn.com/problems/the-skyline-problem,True
存在重复元素 II,https://leetcode-cn.com/problems/contains-duplicate-ii,True
存在重复元素 III,https://leetcode-cn.com/problems/contains-duplicate-iii,True
最大正方形,https://leetcode-cn.com/problems/maximal-square,True
完全二叉树的节点个数,https://leetcode-cn.com/problems/count-complete-tree-nodes,True
矩形面积,https://leetcode-cn.com/problems/rectangle-area,True
基本计算器,https://leetcode-cn.com/problems/basic-calculator,True
用队列实现栈,https://leetcode-cn.com/problems/implement-stack-using-queues,True
翻转二叉树,https://leetcode-cn.com/problems/invert-binary-tree,True
基本计算器 II,https://leetcode-cn.com/problems/basic-calculator-ii,True
汇总区间,https://leetcode-cn.com/problems/summary-ranges,True
求众数 II,https://leetcode-cn.com/problems/majority-element-ii,True
二叉搜索树中第K小的元素,https://leetcode-cn.com/problems/kth-smallest-element-in-a-bst,True
2的幂,https://leetcode-cn.com/problems/power-of-two,True
用栈实现队列,https://leetcode-cn.com/problems/implement-queue-using-stacks,True
数字 1 的个数,https://leetcode-cn.com/problems/number-of-digit-one,True
回文链表,https://leetcode-cn.com/problems/palindrome-linked-list,True
二叉搜索树的最近公共祖先,https://leetcode-cn.com/problems/lowest-common-ancestor-of-a-binary-search-tree,True
二叉树的最近公共祖先,https://leetcode-cn.com/problems/lowest-common-ancestor-of-a-binary-tree,True
删除链表中的节点,https://leetcode-cn.com/problems/delete-node-in-a-linked-list,True
除自身以外数组的乘积,https://leetcode-cn.com/problems/product-of-array-except-self,True
滑动窗口最大值,https://leetcode-cn.com/problems/sliding-window-maximum,True
搜索二维矩阵 II,https://leetcode-cn.com/problems/search-a-2d-matrix-ii,True
为运算表达式设计优先级,https://leetcode-cn.com/problems/different-ways-to-add-parentheses,True
有效的字母异位词,https://leetcode-cn.com/problems/valid-anagram,True
二叉树的所有路径,https://leetcode-cn.com/problems/binary-tree-paths,True
各位相加,https://leetcode-cn.com/problems/add-digits,True
只出现一次的数字 III,https://leetcode-cn.com/problems/single-number-iii,True
行程和用户,https://leetcode-cn.com/problems/trips-and-users,True
丑数,https://leetcode-cn.com/problems/ugly-number,True
丑数 II,https://leetcode-cn.com/problems/ugly-number-ii,True
缺失数字,https://leetcode-cn.com/problems/missing-number,True
整数转换英文表示,https://leetcode-cn.com/problems/integer-to-english-words,True
H指数,https://leetcode-cn.com/problems/h-index,True
H指数 II,https://leetcode-cn.com/problems/h-index-ii,True
第一个错误的版本,https://leetcode-cn.com/problems/first-bad-version,True
完全平方数,https://leetcode-cn.com/problems/perfect-squares,True
给表达式添加运算符,https://leetcode-cn.com/problems/expression-add-operators,True
移动零,https://leetcode-cn.com/problems/move-zeroes,True
顶端迭代器,https://leetcode-cn.com/problems/peeking-iterator,True
寻找重复数,https://leetcode-cn.com/problems/find-the-duplicate-number,True
生命游戏,https://leetcode-cn.com/problems/game-of-life,True
单词模式,https://leetcode-cn.com/problems/word-pattern,True
Nim 游戏,https://leetcode-cn.com/problems/nim-game,True
数据流的中位数,https://leetcode-cn.com/problems/find-median-from-data-stream,True
二叉树的序列化与反序列化,https://leetcode-cn.com/problems/serialize-and-deserialize-binary-tree,True
猜数字游戏,https://leetcode-cn.com/problems/bulls-and-cows,True
最长上升子序列,https://leetcode-cn.com/problems/longest-increasing-subsequence,True
删除无效的括号,https://leetcode-cn.com/problems/remove-invalid-parentheses,True
区域和检索 - 数组不可变,https://leetcode-cn.com/problems/range-sum-query-immutable,True
二维区域和检索 - 矩阵不可变,https://leetcode-cn.com/problems/range-sum-query-2d-immutable,True
累加数,https://leetcode-cn.com/problems/additive-number,True
区域和检索 - 数组可修改,https://leetcode-cn.com/problems/range-sum-query-mutable,True
最佳买卖股票时机含冷冻期,https://leetcode-cn.com/problems/best-time-to-buy-and-sell-stock-with-cooldown,True
最小高度树,https://leetcode-cn.com/problems/minimum-height-trees,True
戳气球,https://leetcode-cn.com/problems/burst-balloons,True
超级丑数,https://leetcode-cn.com/problems/super-ugly-number,True
计算右侧小于当前元素的个数,https://leetcode-cn.com/problems/count-of-smaller-numbers-after-self,True
去除重复字母,https://leetcode-cn.com/problems/remove-duplicate-letters,True
最大单词长度乘积,https://leetcode-cn.com/problems/maximum-product-of-word-lengths,True
灯泡开关,https://leetcode-cn.com/problems/bulb-switcher,True
拼接最大数,https://leetcode-cn.com/problems/create-maximum-number,True
零钱兑换,https://leetcode-cn.com/problems/coin-change,True
摆动排序 II,https://leetcode-cn.com/problems/wiggle-sort-ii,True
3的幂,https://leetcode-cn.com/problems/power-of-three,True
区间和的个数,https://leetcode-cn.com/problems/count-of-range-sum,True
奇偶链表,https://leetcode-cn.com/problems/odd-even-linked-list,True
矩阵中的最长递增路径,https://leetcode-cn.com/problems/longest-increasing-path-in-a-matrix,True
按要求补齐数组,https://leetcode-cn.com/problems/patching-array,True
验证二叉树的前序序列化,https://leetcode-cn.com/problems/verify-preorder-serialization-of-a-binary-tree,True
重新安排行程,https://leetcode-cn.com/problems/reconstruct-itinerary,True
递增的三元子序列,https://leetcode-cn.com/problems/increasing-triplet-subsequence,True
路径交叉,https://leetcode-cn.com/problems/self-crossing,True
回文对,https://leetcode-cn.com/problems/palindrome-pairs,True
打家劫舍 III,https://leetcode-cn.com/problems/house-robber-iii,True
比特位计数,https://leetcode-cn.com/problems/counting-bits,True
扁平化嵌套列表迭代器,https://leetcode-cn.com/problems/flatten-nested-list-iterator,True
4的幂,https://leetcode-cn.com/problems/power-of-four,True
整数拆分,https://leetcode-cn.com/problems/integer-break,True
反转字符串,https://leetcode-cn.com/problems/reverse-string,True
反转字符串中的元音字母,https://leetcode-cn.com/problems/reverse-vowels-of-a-string,True
前K个高频元素,https://leetcode-cn.com/problems/top-k-frequent-elements,True
两个数组的交集,https://leetcode-cn.com/problems/intersection-of-two-arrays,True
两个数组的交集 II,https://leetcode-cn.com/problems/intersection-of-two-arrays-ii,True
将数据流变为多个不相交区间,https://leetcode-cn.com/problems/data-stream-as-disjoint-intervals,True
俄罗斯套娃信封问题,https://leetcode-cn.com/problems/russian-doll-envelopes,True
设计推特,https://leetcode-cn.com/problems/design-twitter,True
计算各个位数不同的数字个数,https://leetcode-cn.com/problems/count-numbers-with-unique-digits,True
矩形区域不超过 K 的最大数值和,https://leetcode-cn.com/problems/max-sum-of-rectangle-no-larger-than-k,True
水壶问题,https://leetcode-cn.com/problems/water-and-jug-problem,True
有效的完全平方数,https://leetcode-cn.com/problems/valid-perfect-square,True
最大整除子集,https://leetcode-cn.com/problems/largest-divisible-subset,True
两整数之和,https://leetcode-cn.com/problems/sum-of-two-integers,True
超级次方,https://leetcode-cn.com/problems/super-pow,True
查找和最小的K对数字,https://leetcode-cn.com/problems/find-k-pairs-with-smallest-sums,True
猜数字大小,https://leetcode-cn.com/problems/guess-number-higher-or-lower,True
猜数字大小 II,https://leetcode-cn.com/problems/guess-number-higher-or-lower-ii,True
摆动序列,https://leetcode-cn.com/problems/wiggle-subsequence,True
组合总和 Ⅳ,https://leetcode-cn.com/problems/combination-sum-iv,True
有序矩阵中第K小的元素,https://leetcode-cn.com/problems/kth-smallest-element-in-a-sorted-matrix,True
常数时间插入、删除和获取随机元素,https://leetcode-cn.com/problems/insert-delete-getrandom-o1,True
O(1) 时间插入、删除和获取随机元素 - 允许重复,https://leetcode-cn.com/problems/insert-delete-getrandom-o1-duplicates-allowed,True
链表随机节点,https://leetcode-cn.com/problems/linked-list-random-node,True
赎金信,https://leetcode-cn.com/problems/ransom-note,True
打乱数组,https://leetcode-cn.com/problems/shuffle-an-array,True
迷你语法分析器,https://leetcode-cn.com/problems/mini-parser,True
字典序排数,https://leetcode-cn.com/problems/lexicographical-numbers,True
字符串中的第一个唯一字符,https://leetcode-cn.com/problems/first-unique-character-in-a-string,True
文件的最长绝对路径,https://leetcode-cn.com/problems/longest-absolute-file-path,True
找不同,https://leetcode-cn.com/problems/find-the-difference,True
消除游戏,https://leetcode-cn.com/problems/elimination-game,True
完美矩形,https://leetcode-cn.com/problems/perfect-rectangle,True
判断子序列,https://leetcode-cn.com/problems/is-subsequence,True
UTF-8 编码验证,https://leetcode-cn.com/problems/utf-8-validation,True
字符串解码,https://leetcode-cn.com/problems/decode-string,True
至少有K个重复字符的最长子串,https://leetcode-cn.com/problems/longest-substring-with-at-least-k-repeating-characters,True
旋转函数,https://leetcode-cn.com/problems/rotate-function,True
整数替换,https://leetcode-cn.com/problems/integer-replacement,True
随机数索引,https://leetcode-cn.com/problems/random-pick-index,True
除法求值,https://leetcode-cn.com/problems/evaluate-division,True
第N个数字,https://leetcode-cn.com/problems/nth-digit,True
二进制手表,https://leetcode-cn.com/problems/binary-watch,True
移掉K位数字,https://leetcode-cn.com/problems/remove-k-digits,True
青蛙过河,https://leetcode-cn.com/problems/frog-jump,True
左叶子之和,https://leetcode-cn.com/problems/sum-of-left-leaves,True
数字转换为十六进制数,https://leetcode-cn.com/problems/convert-a-number-to-hexadecimal,True
根据身高重建队列,https://leetcode-cn.com/problems/queue-reconstruction-by-height,True
接雨水 II,https://leetcode-cn.com/problems/trapping-rain-water-ii,True
最长回文串,https://leetcode-cn.com/problems/longest-palindrome,True
分割数组的最大值,https://leetcode-cn.com/problems/split-array-largest-sum,True
Fizz Buzz,https://leetcode-cn.com/problems/fizz-buzz,True
等差数列划分,https://leetcode-cn.com/problems/arithmetic-slices,True
第三大的数,https://leetcode-cn.com/problems/third-maximum-number,True
字符串相加,https://leetcode-cn.com/problems/add-strings,True
分割等和子集,https://leetcode-cn.com/problems/partition-equal-subset-sum,True
太平洋大西洋水流问题,https://leetcode-cn.com/problems/pacific-atlantic-water-flow,True
甲板上的战舰,https://leetcode-cn.com/problems/battleships-in-a-board,True
强密码检验器,https://leetcode-cn.com/problems/strong-password-checker,True
数组中两个数的最大异或值,https://leetcode-cn.com/problems/maximum-xor-of-two-numbers-in-an-array,True
从英文中重建数字,https://leetcode-cn.com/problems/reconstruct-original-digits-from-english,True
替换后的最长重复字符,https://leetcode-cn.com/problems/longest-repeating-character-replacement,True
建立四叉树,https://leetcode-cn.com/problems/construct-quad-tree,True
N叉树的层序遍历,https://leetcode-cn.com/problems/n-ary-tree-level-order-traversal,True
扁平化多级双向链表,https://leetcode-cn.com/problems/flatten-a-multilevel-doubly-linked-list,True
全 O(1) 的数据结构,https://leetcode-cn.com/problems/all-oone-data-structure,True
最小基因变化,https://leetcode-cn.com/problems/minimum-genetic-mutation,True
字符串中的单词数,https://leetcode-cn.com/problems/number-of-segments-in-a-string,True
无重叠区间,https://leetcode-cn.com/problems/non-overlapping-intervals,True
寻找右区间,https://leetcode-cn.com/problems/find-right-interval,True
路径总和 III,https://leetcode-cn.com/problems/path-sum-iii,True
找到字符串中所有字母异位词,https://leetcode-cn.com/problems/find-all-anagrams-in-a-string,True
字典序的第K小数字,https://leetcode-cn.com/problems/k-th-smallest-in-lexicographical-order,True
排列硬币,https://leetcode-cn.com/problems/arranging-coins,True
数组中重复的数据,https://leetcode-cn.com/problems/find-all-duplicates-in-an-array,True
压缩字符串,https://leetcode-cn.com/problems/string-compression,True
两数相加 II,https://leetcode-cn.com/problems/add-two-numbers-ii,True
等差数列划分 II - 子序列,https://leetcode-cn.com/problems/arithmetic-slices-ii-subsequence,True
回旋镖的数量,https://leetcode-cn.com/problems/number-of-boomerangs,True
找到所有数组中消失的数字,https://leetcode-cn.com/problems/find-all-numbers-disappeared-in-an-array,True
序列化和反序列化二叉搜索树,https://leetcode-cn.com/problems/serialize-and-deserialize-bst,True
删除二叉搜索树中的节点,https://leetcode-cn.com/problems/delete-node-in-a-bst,True
根据字符出现频率排序,https://leetcode-cn.com/problems/sort-characters-by-frequency,True
用最少数量的箭引爆气球,https://leetcode-cn.com/problems/minimum-number-of-arrows-to-burst-balloons,True
最小移动次数使数组元素相等,https://leetcode-cn.com/problems/minimum-moves-to-equal-array-elements,True
四数相加 II,https://leetcode-cn.com/problems/4sum-ii,True
分发饼干,https://leetcode-cn.com/problems/assign-cookies,True
132模式,https://leetcode-cn.com/problems/132-pattern,True
环形数组循环,https://leetcode-cn.com/problems/circular-array-loop,True
可怜的小猪,https://leetcode-cn.com/problems/poor-pigs,True
重复的子字符串,https://leetcode-cn.com/problems/repeated-substring-pattern,True
LFU缓存,https://leetcode-cn.com/problems/lfu-cache,True
汉明距离,https://leetcode-cn.com/problems/hamming-distance,True
最少移动次数使数组元素相等 II,https://leetcode-cn.com/problems/minimum-moves-to-equal-array-elements-ii,True
岛屿的周长,https://leetcode-cn.com/problems/island-perimeter,True
我能赢吗,https://leetcode-cn.com/problems/can-i-win,True
统计重复个数,https://leetcode-cn.com/problems/count-the-repetitions,True
环绕字符串中唯一的子字符串,https://leetcode-cn.com/problems/unique-substrings-in-wraparound-string,True
验证IP地址,https://leetcode-cn.com/problems/validate-ip-address,True
用 Rand7() 实现 Rand10(),https://leetcode-cn.com/problems/implement-rand10-using-rand7,True
连接词,https://leetcode-cn.com/problems/concatenated-words,True
火柴拼正方形,https://leetcode-cn.com/problems/matchsticks-to-square,True
一和零,https://leetcode-cn.com/problems/ones-and-zeroes,True
供暖器,https://leetcode-cn.com/problems/heaters,True
数字的补数,https://leetcode-cn.com/problems/number-complement,True
汉明距离总和,https://leetcode-cn.com/problems/total-hamming-distance,True
在圆内随机生成点,https://leetcode-cn.com/problems/generate-random-point-in-a-circle,True
最大回文数乘积,https://leetcode-cn.com/problems/largest-palindrome-product,True
滑动窗口中位数,https://leetcode-cn.com/problems/sliding-window-median,True
神奇字符串,https://leetcode-cn.com/problems/magical-string,True
密钥格式化,https://leetcode-cn.com/problems/license-key-formatting,True
最小好进制,https://leetcode-cn.com/problems/smallest-good-base,True
最大连续1的个数,https://leetcode-cn.com/problems/max-consecutive-ones,True
预测赢家,https://leetcode-cn.com/problems/predict-the-winner,True
祖玛游戏,https://leetcode-cn.com/problems/zuma-game,True
递增子序列,https://leetcode-cn.com/problems/increasing-subsequences,True
构造矩形,https://leetcode-cn.com/problems/construct-the-rectangle,True
翻转对,https://leetcode-cn.com/problems/reverse-pairs,True
目标和,https://leetcode-cn.com/problems/target-sum,True
提莫攻击,https://leetcode-cn.com/problems/teemo-attacking,True
下一个更大元素 I,https://leetcode-cn.com/problems/next-greater-element-i,True
非重叠矩形中的随机点,https://leetcode-cn.com/problems/random-point-in-non-overlapping-rectangles,True
对角线遍历,https://leetcode-cn.com/problems/diagonal-traverse,True
键盘行,https://leetcode-cn.com/problems/keyboard-row,True
二叉搜索树中的众数,https://leetcode-cn.com/problems/find-mode-in-binary-search-tree,True
IPO,https://leetcode-cn.com/problems/ipo,True
下一个更大元素 II,https://leetcode-cn.com/problems/next-greater-element-ii,True
七进制数,https://leetcode-cn.com/problems/base-7,True
相对名次,https://leetcode-cn.com/problems/relative-ranks,True
完美数,https://leetcode-cn.com/problems/perfect-number,True
出现次数最多的子树元素和,https://leetcode-cn.com/problems/most-frequent-subtree-sum,True
斐波那契数,https://leetcode-cn.com/problems/fibonacci-number,True
找树左下角的值,https://leetcode-cn.com/problems/find-bottom-left-tree-value,True
自由之路,https://leetcode-cn.com/problems/freedom-trail,True
在每个树行中找最大值,https://leetcode-cn.com/problems/find-largest-value-in-each-tree-row,True
最长回文子序列,https://leetcode-cn.com/problems/longest-palindromic-subsequence,True
超级洗衣机,https://leetcode-cn.com/problems/super-washing-machines,True
零钱兑换 II,https://leetcode-cn.com/problems/coin-change-2,True
随机翻转矩阵,https://leetcode-cn.com/problems/random-flip-matrix,True
检测大写字母,https://leetcode-cn.com/problems/detect-capital,True
最长特殊序列 Ⅰ,https://leetcode-cn.com/problems/longest-uncommon-subsequence-i,True
最长特殊序列 II,https://leetcode-cn.com/problems/longest-uncommon-subsequence-ii,True
连续的子数组和,https://leetcode-cn.com/problems/continuous-subarray-sum,True
通过删除字母匹配到字典里最长单词,https://leetcode-cn.com/problems/longest-word-in-dictionary-through-deleting,True
连续数组,https://leetcode-cn.com/problems/contiguous-array,True
优美的排列,https://leetcode-cn.com/problems/beautiful-arrangement,True
按权重随机选择,https://leetcode-cn.com/problems/random-pick-with-weight,True
扫雷游戏,https://leetcode-cn.com/problems/minesweeper,True
二叉搜索树的最小绝对差,https://leetcode-cn.com/problems/minimum-absolute-difference-in-bst,True
数组中的K-diff数对,https://leetcode-cn.com/problems/k-diff-pairs-in-an-array,True
TinyURL 的加密与解密,https://leetcode-cn.com/problems/encode-and-decode-tinyurl,True
复数乘法,https://leetcode-cn.com/problems/complex-number-multiplication,True
把二叉搜索树转换为累加树,https://leetcode-cn.com/problems/convert-bst-to-greater-tree,True
最小时间差,https://leetcode-cn.com/problems/minimum-time-difference,True
有序数组中的单一元素,https://leetcode-cn.com/problems/single-element-in-a-sorted-array,True
反转字符串 II,https://leetcode-cn.com/problems/reverse-string-ii,True
01 矩阵,https://leetcode-cn.com/problems/01-matrix,True
二叉树的直径,https://leetcode-cn.com/problems/diameter-of-binary-tree,True
移除盒子,https://leetcode-cn.com/problems/remove-boxes,True
朋友圈,https://leetcode-cn.com/problems/friend-circles,True
学生出勤记录 I,https://leetcode-cn.com/problems/student-attendance-record-i,True
学生出勤记录 II,https://leetcode-cn.com/problems/student-attendance-record-ii,True
最优除法,https://leetcode-cn.com/problems/optimal-division,True
砖墙,https://leetcode-cn.com/problems/brick-wall,True
下一个更大元素 III,https://leetcode-cn.com/problems/next-greater-element-iii,True
反转字符串中的单词 III,https://leetcode-cn.com/problems/reverse-words-in-a-string-iii,True
四叉树交集,https://leetcode-cn.com/problems/quad-tree-intersection,True
N叉树的最大深度,https://leetcode-cn.com/problems/maximum-depth-of-n-ary-tree,True
和为K的子数组,https://leetcode-cn.com/problems/subarray-sum-equals-k,True
数组拆分 I,https://leetcode-cn.com/problems/array-partition-i,True
二叉树的坡度,https://leetcode-cn.com/problems/binary-tree-tilt,True
寻找最近的回文数,https://leetcode-cn.com/problems/find-the-closest-palindrome,True
数组嵌套,https://leetcode-cn.com/problems/array-nesting,True
重塑矩阵,https://leetcode-cn.com/problems/reshape-the-matrix,True
字符串的排列,https://leetcode-cn.com/problems/permutation-in-string,True
另一个树的子树,https://leetcode-cn.com/problems/subtree-of-another-tree,True
分糖果,https://leetcode-cn.com/problems/distribute-candies,True
出界的路径数,https://leetcode-cn.com/problems/out-of-boundary-paths,True
最短无序连续子数组,https://leetcode-cn.com/problems/shortest-unsorted-continuous-subarray,True
两个字符串的删除操作,https://leetcode-cn.com/problems/delete-operation-for-two-strings,True
安装栅栏,https://leetcode-cn.com/problems/erect-the-fence,True
N叉树的前序遍历,https://leetcode-cn.com/problems/n-ary-tree-preorder-traversal,True
N叉树的后序遍历,https://leetcode-cn.com/problems/n-ary-tree-postorder-traversal,True
标签验证器,https://leetcode-cn.com/problems/tag-validator,True
分数加减运算,https://leetcode-cn.com/problems/fraction-addition-and-subtraction,True
有效的正方形,https://leetcode-cn.com/problems/valid-square,True
最长和谐子序列,https://leetcode-cn.com/problems/longest-harmonious-subsequence,True
大的国家,https://leetcode-cn.com/problems/big-countries,True
超过5名学生的课,https://leetcode-cn.com/problems/classes-more-than-5-students,True
范围求和 II,https://leetcode-cn.com/problems/range-addition-ii,True
两个列表的最小索引总和,https://leetcode-cn.com/problems/minimum-index-sum-of-two-lists,True
不含连续1的非负整数,https://leetcode-cn.com/problems/non-negative-integers-without-consecutive-ones,True
体育馆的人流量,https://leetcode-cn.com/problems/human-traffic-of-stadium,True
种花问题,https://leetcode-cn.com/problems/can-place-flowers,True
根据二叉树创建字符串,https://leetcode-cn.com/problems/construct-string-from-binary-tree,True
在系统中查找重复文件,https://leetcode-cn.com/problems/find-duplicate-file-in-system,True
有效三角形的个数,https://leetcode-cn.com/problems/valid-triangle-number,True
合并二叉树,https://leetcode-cn.com/problems/merge-two-binary-trees,True
有趣的电影,https://leetcode-cn.com/problems/not-boring-movies,True
任务调度器,https://leetcode-cn.com/problems/task-scheduler,True
设计循环队列,https://leetcode-cn.com/problems/design-circular-queue,True
在二叉树中增加一行,https://leetcode-cn.com/problems/add-one-row-to-tree,True
换座位,https://leetcode-cn.com/problems/exchange-seats,True
交换工资,https://leetcode-cn.com/problems/swap-salary,True
三个数的最大乘积,https://leetcode-cn.com/problems/maximum-product-of-three-numbers,True
K个逆序对数组,https://leetcode-cn.com/problems/k-inverse-pairs-array,True
课程表 III,https://leetcode-cn.com/problems/course-schedule-iii,True
最小区间,https://leetcode-cn.com/problems/smallest-range,True
平方数之和,https://leetcode-cn.com/problems/sum-of-square-numbers,True
函数的独占时间,https://leetcode-cn.com/problems/exclusive-time-of-functions,True
二叉树的层平均值,https://leetcode-cn.com/problems/average-of-levels-in-binary-tree,True
大礼包,https://leetcode-cn.com/problems/shopping-offers,True
解码方法 2,https://leetcode-cn.com/problems/decode-ways-ii,True
求解方程,https://leetcode-cn.com/problems/solve-the-equation,True
设计循环双端队列,https://leetcode-cn.com/problems/design-circular-deque,True
子数组最大平均数 I,https://leetcode-cn.com/problems/maximum-average-subarray-i,True
错误的集合,https://leetcode-cn.com/problems/set-mismatch,True
最长数对链,https://leetcode-cn.com/problems/maximum-length-of-pair-chain,True
回文子串,https://leetcode-cn.com/problems/palindromic-substrings,True
单词替换,https://leetcode-cn.com/problems/replace-words,True
Dota2 参议院,https://leetcode-cn.com/problems/dota2-senate,True
只有两个键的键盘,https://leetcode-cn.com/problems/2-keys-keyboard,True
寻找重复的子树,https://leetcode-cn.com/problems/find-duplicate-subtrees,True
两数之和 IV - 输入 BST,https://leetcode-cn.com/problems/two-sum-iv-input-is-a-bst,True
最大二叉树,https://leetcode-cn.com/problems/maximum-binary-tree,True
输出二叉树,https://leetcode-cn.com/problems/print-binary-tree,True
机器人能否返回原点,https://leetcode-cn.com/problems/robot-return-to-origin,True
找到 K 个最接近的元素,https://leetcode-cn.com/problems/find-k-closest-elements,True
分割数组为连续子序列,https://leetcode-cn.com/problems/split-array-into-consecutive-subsequences,True
图片平滑器,https://leetcode-cn.com/problems/image-smoother,True
二叉树最大宽度,https://leetcode-cn.com/problems/maximum-width-of-binary-tree,True
奇怪的打印机,https://leetcode-cn.com/problems/strange-printer,True
非递减数列,https://leetcode-cn.com/problems/non-decreasing-array,True
优美的排列 II,https://leetcode-cn.com/problems/beautiful-arrangement-ii,True
乘法表中第k小的数,https://leetcode-cn.com/problems/kth-smallest-number-in-multiplication-table,True
修剪二叉搜索树,https://leetcode-cn.com/problems/trim-a-binary-search-tree,True
最大交换,https://leetcode-cn.com/problems/maximum-swap,True
二叉树中第二小的节点,https://leetcode-cn.com/problems/second-minimum-node-in-a-binary-tree,True
灯泡开关 Ⅱ,https://leetcode-cn.com/problems/bulb-switcher-ii,True
最长递增子序列的个数,https://leetcode-cn.com/problems/number-of-longest-increasing-subsequence,True
最长连续递增序列,https://leetcode-cn.com/problems/longest-continuous-increasing-subsequence,True
为高尔夫比赛砍树,https://leetcode-cn.com/problems/cut-off-trees-for-golf-event,True
实现一个魔法字典,https://leetcode-cn.com/problems/implement-magic-dictionary,True
键值映射,https://leetcode-cn.com/problems/map-sum-pairs,True
有效的括号字符串,https://leetcode-cn.com/problems/valid-parenthesis-string,True
24 点游戏,https://leetcode-cn.com/problems/24-game,True
验证回文字符串 Ⅱ,https://leetcode-cn.com/problems/valid-palindrome-ii,True
棒球比赛,https://leetcode-cn.com/problems/baseball-game,True
冗余连接,https://leetcode-cn.com/problems/redundant-connection,True
冗余连接 II,https://leetcode-cn.com/problems/redundant-connection-ii,True
重复叠加字符串匹配,https://leetcode-cn.com/problems/repeated-string-match,True
最长同值路径,https://leetcode-cn.com/problems/longest-univalue-path,True
“马”在棋盘上的概率,https://leetcode-cn.com/problems/knight-probability-in-chessboard,True
三个无重叠子数组的最大和,https://leetcode-cn.com/problems/maximum-sum-of-3-non-overlapping-subarrays,True
员工的重要性,https://leetcode-cn.com/problems/employee-importance,True
贴纸拼词,https://leetcode-cn.com/problems/stickers-to-spell-word,True
前K个高频单词,https://leetcode-cn.com/problems/top-k-frequent-words,True
交替位二进制数,https://leetcode-cn.com/problems/binary-number-with-alternating-bits,True
岛屿的最大面积,https://leetcode-cn.com/problems/max-area-of-island,True
计数二进制子串,https://leetcode-cn.com/problems/count-binary-substrings,True
数组的度,https://leetcode-cn.com/problems/degree-of-an-array,True
划分为k个相等的子集,https://leetcode-cn.com/problems/partition-to-k-equal-sum-subsets,True
掉落的方块,https://leetcode-cn.com/problems/falling-squares,True
二叉搜索树中的搜索,https://leetcode-cn.com/problems/search-in-a-binary-search-tree,True
二叉搜索树中的插入操作,https://leetcode-cn.com/problems/insert-into-a-binary-search-tree,True
数据流中的第K大元素,https://leetcode-cn.com/problems/kth-largest-element-in-a-stream,True
二分查找,https://leetcode-cn.com/problems/binary-search,True
设计哈希集合,https://leetcode-cn.com/problems/design-hashset,True
设计哈希映射,https://leetcode-cn.com/problems/design-hashmap,True
设计链表,https://leetcode-cn.com/problems/design-linked-list,True
转换成小写字母,https://leetcode-cn.com/problems/to-lower-case,True
黑名单中的随机数,https://leetcode-cn.com/problems/random-pick-with-blacklist,True
两个字符串的最小ASCII删除和,https://leetcode-cn.com/problems/minimum-ascii-delete-sum-for-two-strings,True
乘积小于K的子数组,https://leetcode-cn.com/problems/subarray-product-less-than-k,True
买卖股票的最佳时机含手续费,https://leetcode-cn.com/problems/best-time-to-buy-and-sell-stock-with-transaction-fee,True
Range 模块,https://leetcode-cn.com/problems/range-module,True
1比特与2比特字符,https://leetcode-cn.com/problems/1-bit-and-2-bit-characters,True
最长重复子数组,https://leetcode-cn.com/problems/maximum-length-of-repeated-subarray,True
找出第 k 小的距离对,https://leetcode-cn.com/problems/find-k-th-smallest-pair-distance,True
词典中最长的单词,https://leetcode-cn.com/problems/longest-word-in-dictionary,True
账户合并,https://leetcode-cn.com/problems/accounts-merge,True
删除注释,https://leetcode-cn.com/problems/remove-comments,True
寻找数组的中心索引,https://leetcode-cn.com/problems/find-pivot-index,True
分隔链表,https://leetcode-cn.com/problems/split-linked-list-in-parts,True
原子的数量,https://leetcode-cn.com/problems/number-of-atoms,True
自除数,https://leetcode-cn.com/problems/self-dividing-numbers,True
我的日程安排表 I,https://leetcode-cn.com/problems/my-calendar-i,True
统计不同回文子字符串,https://leetcode-cn.com/problems/count-different-palindromic-subsequences,True
我的日程安排表 II,https://leetcode-cn.com/problems/my-calendar-ii,True
我的日程安排表 III,https://leetcode-cn.com/problems/my-calendar-iii,True
图像渲染,https://leetcode-cn.com/problems/flood-fill,True
行星碰撞,https://leetcode-cn.com/problems/asteroid-collision,True
Lisp 语法解析,https://leetcode-cn.com/problems/parse-lisp-expression,True
单调递增的数字,https://leetcode-cn.com/problems/monotone-increasing-digits,True
每日温度,https://leetcode-cn.com/problems/daily-temperatures,True
删除与获得点数,https://leetcode-cn.com/problems/delete-and-earn,True
摘樱桃,https://leetcode-cn.com/problems/cherry-pickup,True
网络延迟时间,https://leetcode-cn.com/problems/network-delay-time,True
寻找比目标字母大的最小字母,https://leetcode-cn.com/problems/find-smallest-letter-greater-than-target,True
前缀和后缀搜索,https://leetcode-cn.com/problems/prefix-and-suffix-search,True
使用最小花费爬楼梯,https://leetcode-cn.com/problems/min-cost-climbing-stairs,True
至少是其他数字两倍的最大数,https://leetcode-cn.com/problems/largest-number-at-least-twice-of-others,True
最短完整词,https://leetcode-cn.com/problems/shortest-completing-word,True
隔离病毒,https://leetcode-cn.com/problems/contain-virus,True
打开转盘锁,https://leetcode-cn.com/problems/open-the-lock,True
破解保险箱,https://leetcode-cn.com/problems/cracking-the-safe,True
到达终点数字,https://leetcode-cn.com/problems/reach-a-number,True
金字塔转换矩阵,https://leetcode-cn.com/problems/pyramid-transition-matrix,True
设置交集大小至少为2,https://leetcode-cn.com/problems/set-intersection-size-at-least-two,True
特殊的二进制序列,https://leetcode-cn.com/problems/special-binary-string,True
二进制表示中质数个计算置位,https://leetcode-cn.com/problems/prime-number-of-set-bits-in-binary-representation,True
划分字母区间,https://leetcode-cn.com/problems/partition-labels,True
最大加号标志,https://leetcode-cn.com/problems/largest-plus-sign,True
情侣牵手,https://leetcode-cn.com/problems/couples-holding-hands,True
托普利茨矩阵,https://leetcode-cn.com/problems/toeplitz-matrix,True
重构字符串,https://leetcode-cn.com/problems/reorganize-string,True
最多能完成排序的块 II,https://leetcode-cn.com/problems/max-chunks-to-make-sorted-ii,True
最多能完成排序的块,https://leetcode-cn.com/problems/max-chunks-to-make-sorted,True
基本计算器 IV,https://leetcode-cn.com/problems/basic-calculator-iv,True
宝石与石头,https://leetcode-cn.com/problems/jewels-and-stones,True
滑动谜题,https://leetcode-cn.com/problems/sliding-puzzle,True
全局倒置与局部倒置,https://leetcode-cn.com/problems/global-and-local-inversions,True
在LR字符串中交换相邻字符,https://leetcode-cn.com/problems/swap-adjacent-in-lr-string,True
水位上升的泳池中游泳,https://leetcode-cn.com/problems/swim-in-rising-water,True
第K个语法符号,https://leetcode-cn.com/problems/k-th-symbol-in-grammar,True
到达终点,https://leetcode-cn.com/problems/reaching-points,True
森林中的兔子,https://leetcode-cn.com/problems/rabbits-in-forest,True
变为棋盘,https://leetcode-cn.com/problems/transform-to-chessboard,True
二叉搜索树结点最小距离,https://leetcode-cn.com/problems/minimum-distance-between-bst-nodes,True
字母大小写全排列,https://leetcode-cn.com/problems/letter-case-permutation,True
判断二分图,https://leetcode-cn.com/problems/is-graph-bipartite,True
第 K 个最小的素数分数,https://leetcode-cn.com/problems/k-th-smallest-prime-fraction,True
K 站中转内最便宜的航班,https://leetcode-cn.com/problems/cheapest-flights-within-k-stops,True
旋转数字,https://leetcode-cn.com/problems/rotated-digits,True
逃脱阻碍者,https://leetcode-cn.com/problems/escape-the-ghosts,True
多米诺和托米诺平铺,https://leetcode-cn.com/problems/domino-and-tromino-tiling,True
自定义字符串排序,https://leetcode-cn.com/problems/custom-sort-string,True
匹配子序列的单词数,https://leetcode-cn.com/problems/number-of-matching-subsequences,True
阶乘函数后K个零,https://leetcode-cn.com/problems/preimage-size-of-factorial-zeroes-function,True
有效的井字游戏,https://leetcode-cn.com/problems/valid-tic-tac-toe-state,True
区间子数组个数,https://leetcode-cn.com/problems/number-of-subarrays-with-bounded-maximum,True
旋转字符串,https://leetcode-cn.com/problems/rotate-string,True
所有可能的路径,https://leetcode-cn.com/problems/all-paths-from-source-to-target,True
得分最高的最小轮调,https://leetcode-cn.com/problems/smallest-rotation-with-highest-score,True
香槟塔,https://leetcode-cn.com/problems/champagne-tower,True
使序列递增的最小交换次数,https://leetcode-cn.com/problems/minimum-swaps-to-make-sequences-increasing,True
找到最终的安全状态,https://leetcode-cn.com/problems/find-eventual-safe-states,True
打砖块,https://leetcode-cn.com/problems/bricks-falling-when-hit,True
唯一摩尔斯密码词,https://leetcode-cn.com/problems/unique-morse-code-words,True
数组的均值分割,https://leetcode-cn.com/problems/split-array-with-same-average,True
写字符串需要的行数,https://leetcode-cn.com/problems/number-of-lines-to-write-string,True
保持城市天际线,https://leetcode-cn.com/problems/max-increase-to-keep-city-skyline,True
分汤,https://leetcode-cn.com/problems/soup-servings,True
情感丰富的文字,https://leetcode-cn.com/problems/expressive-words,True
黑板异或游戏,https://leetcode-cn.com/problems/chalkboard-xor-game,True
子域名访问计数,https://leetcode-cn.com/problems/subdomain-visit-count,True
最大三角形面积,https://leetcode-cn.com/problems/largest-triangle-area,True
最大平均值和的分组,https://leetcode-cn.com/problems/largest-sum-of-averages,True
二叉树剪枝,https://leetcode-cn.com/problems/binary-tree-pruning,True
公交路线,https://leetcode-cn.com/problems/bus-routes,True
模糊坐标,https://leetcode-cn.com/problems/ambiguous-coordinates,True
链表组件,https://leetcode-cn.com/problems/linked-list-components,True
赛车,https://leetcode-cn.com/problems/race-car,True
最常见的单词,https://leetcode-cn.com/problems/most-common-word,True
单词的压缩编码,https://leetcode-cn.com/problems/short-encoding-of-words,True
字符的最短距离,https://leetcode-cn.com/problems/shortest-distance-to-a-character,True
翻转卡片游戏,https://leetcode-cn.com/problems/card-flipping-game,True
带因子的二叉树,https://leetcode-cn.com/problems/binary-trees-with-factors,True
山羊拉丁文,https://leetcode-cn.com/problems/goat-latin,True
适龄的朋友,https://leetcode-cn.com/problems/friends-of-appropriate-ages,True
安排工作以达到最大收益,https://leetcode-cn.com/problems/most-profit-assigning-work,True
最大人工岛,https://leetcode-cn.com/problems/making-a-large-island,True
独特字符串,https://leetcode-cn.com/problems/unique-letter-string,True
连续整数求和,https://leetcode-cn.com/problems/consecutive-numbers-sum,True
较大分组的位置,https://leetcode-cn.com/problems/positions-of-large-groups,True
隐藏个人信息,https://leetcode-cn.com/problems/masking-personal-information,True
翻转图像,https://leetcode-cn.com/problems/flipping-an-image,True
字符串中的查找与替换,https://leetcode-cn.com/problems/find-and-replace-in-string,True
树中距离之和,https://leetcode-cn.com/problems/sum-of-distances-in-tree,True
图像重叠,https://leetcode-cn.com/problems/image-overlap,True
矩形重叠,https://leetcode-cn.com/problems/rectangle-overlap,True
新21点,https://leetcode-cn.com/problems/new-21-game,True
推多米诺,https://leetcode-cn.com/problems/push-dominoes,True
相似字符串组,https://leetcode-cn.com/problems/similar-string-groups,True
矩阵中的幻方,https://leetcode-cn.com/problems/magic-squares-in-grid,True
钥匙和房间,https://leetcode-cn.com/problems/keys-and-rooms,True
将数组拆分成斐波那契序列,https://leetcode-cn.com/problems/split-array-into-fibonacci-sequence,True
猜猜这个单词,https://leetcode-cn.com/problems/guess-the-word,True
比较含退格的字符串,https://leetcode-cn.com/problems/backspace-string-compare,True
数组中的最长山脉,https://leetcode-cn.com/problems/longest-mountain-in-array,True
一手顺子,https://leetcode-cn.com/problems/hand-of-straights,True
访问所有节点的最短路径,https://leetcode-cn.com/problems/shortest-path-visiting-all-nodes,True
字母移位,https://leetcode-cn.com/problems/shifting-letters,True
到最近的人的最大距离,https://leetcode-cn.com/problems/maximize-distance-to-closest-person,True
矩形面积 II,https://leetcode-cn.com/problems/rectangle-area-ii,True
喧闹和富有,https://leetcode-cn.com/problems/loud-and-rich,True
山脉数组的峰顶索引,https://leetcode-cn.com/problems/peak-index-in-a-mountain-array,True
车队,https://leetcode-cn.com/problems/car-fleet,True
相似度为 K 的字符串,https://leetcode-cn.com/problems/k-similar-strings,True
考场就座,https://leetcode-cn.com/problems/exam-room,True
括号的分数,https://leetcode-cn.com/problems/score-of-parentheses,True
雇佣 K 名工人的最低成本,https://leetcode-cn.com/problems/minimum-cost-to-hire-k-workers,True
镜面反射,https://leetcode-cn.com/problems/mirror-reflection,True
亲密字符串,https://leetcode-cn.com/problems/buddy-strings,True
柠檬水找零,https://leetcode-cn.com/problems/lemonade-change,True
翻转矩阵后的得分,https://leetcode-cn.com/problems/score-after-flipping-matrix,True
和至少为 K 的最短子数组,https://leetcode-cn.com/problems/shortest-subarray-with-sum-at-least-k,True
二叉树中所有距离为 K 的结点,https://leetcode-cn.com/problems/all-nodes-distance-k-in-binary-tree,True
获取所有钥匙的最短路径,https://leetcode-cn.com/problems/shortest-path-to-get-all-keys,True
具有所有最深结点的最小子树,https://leetcode-cn.com/problems/smallest-subtree-with-all-the-deepest-nodes,True
回文素数,https://leetcode-cn.com/problems/prime-palindrome,True
转置矩阵,https://leetcode-cn.com/problems/transpose-matrix,True
二进制间距,https://leetcode-cn.com/problems/binary-gap,True
重新排序得到 2 的幂,https://leetcode-cn.com/problems/reordered-power-of-2,True
优势洗牌,https://leetcode-cn.com/problems/advantage-shuffle,True
最低加油次数,https://leetcode-cn.com/problems/minimum-number-of-refueling-stops,True
叶子相似的树,https://leetcode-cn.com/problems/leaf-similar-trees,True
最长的斐波那契子序列的长度,https://leetcode-cn.com/problems/length-of-longest-fibonacci-subsequence,True
模拟行走机器人,https://leetcode-cn.com/problems/walking-robot-simulation,True
爱吃香蕉的珂珂,https://leetcode-cn.com/problems/koko-eating-bananas,True
链表的中间结点,https://leetcode-cn.com/problems/middle-of-the-linked-list,True
石子游戏,https://leetcode-cn.com/problems/stone-game,True
第 N 个神奇数字,https://leetcode-cn.com/problems/nth-magical-number,True
盈利计划,https://leetcode-cn.com/problems/profitable-schemes,True
索引处的解码字符串,https://leetcode-cn.com/problems/decoded-string-at-index,True
救生艇,https://leetcode-cn.com/problems/boats-to-save-people,True
细分图中的可到达结点,https://leetcode-cn.com/problems/reachable-nodes-in-subdivided-graph,True
三维形体投影面积,https://leetcode-cn.com/problems/projection-area-of-3d-shapes,True
两句话中的不常见单词,https://leetcode-cn.com/problems/uncommon-words-from-two-sentences,True
螺旋矩阵 III,https://leetcode-cn.com/problems/spiral-matrix-iii,True
可能的二分法,https://leetcode-cn.com/problems/possible-bipartition,True
鸡蛋掉落,https://leetcode-cn.com/problems/super-egg-drop,True
公平的糖果交换,https://leetcode-cn.com/problems/fair-candy-swap,True
根据前序和后序遍历构造二叉树,https://leetcode-cn.com/problems/construct-binary-tree-from-preorder-and-postorder-traversal,True
查找和替换模式,https://leetcode-cn.com/problems/find-and-replace-pattern,True
子序列宽度之和,https://leetcode-cn.com/problems/sum-of-subsequence-widths,True
三维形体的表面积,https://leetcode-cn.com/problems/surface-area-of-3d-shapes,True
特殊等价字符串组,https://leetcode-cn.com/problems/groups-of-special-equivalent-strings,True
所有可能的满二叉树,https://leetcode-cn.com/problems/all-possible-full-binary-trees,True
最大频率栈,https://leetcode-cn.com/problems/maximum-frequency-stack,True
单调数列,https://leetcode-cn.com/problems/monotonic-array,True
递增顺序查找树,https://leetcode-cn.com/problems/increasing-order-search-tree,True
子数组按位或操作,https://leetcode-cn.com/problems/bitwise-ors-of-subarrays,True
有序队列,https://leetcode-cn.com/problems/orderly-queue,True
RLE 迭代器,https://leetcode-cn.com/problems/rle-iterator,True
股票价格跨度,https://leetcode-cn.com/problems/online-stock-span,True
最大为 N 的数字组合,https://leetcode-cn.com/problems/numbers-at-most-n-given-digit-set,True
DI 序列的有效排列,https://leetcode-cn.com/problems/valid-permutations-for-di-sequence,True
水果成篮,https://leetcode-cn.com/problems/fruit-into-baskets,True
按奇偶排序数组,https://leetcode-cn.com/problems/sort-array-by-parity,True
超级回文数,https://leetcode-cn.com/problems/super-palindromes,True
子数组的最小值之和,https://leetcode-cn.com/problems/sum-of-subarray-minimums,True
最小差值 I,https://leetcode-cn.com/problems/smallest-range-i,True
蛇梯棋,https://leetcode-cn.com/problems/snakes-and-ladders,True
最小差值 II,https://leetcode-cn.com/problems/smallest-range-ii,True
在线选举,https://leetcode-cn.com/problems/online-election,True
排序数组,https://leetcode-cn.com/problems/sort-an-array,True
猫和老鼠,https://leetcode-cn.com/problems/cat-and-mouse,True
卡牌分组,https://leetcode-cn.com/problems/x-of-a-kind-in-a-deck-of-cards,True
分割数组,https://leetcode-cn.com/problems/partition-array-into-disjoint-intervals,True
单词子集,https://leetcode-cn.com/problems/word-subsets,True
仅仅反转字母,https://leetcode-cn.com/problems/reverse-only-letters,True
环形子数组的最大和,https://leetcode-cn.com/problems/maximum-sum-circular-subarray,True
完全二叉树插入器,https://leetcode-cn.com/problems/complete-binary-tree-inserter,True
播放列表的数量,https://leetcode-cn.com/problems/number-of-music-playlists,True
使括号有效的最少添加,https://leetcode-cn.com/problems/minimum-add-to-make-parentheses-valid,True
按奇偶排序数组 II,https://leetcode-cn.com/problems/sort-array-by-parity-ii,True
三数之和的多种可能,https://leetcode-cn.com/problems/3sum-with-multiplicity,True
尽量减少恶意软件的传播,https://leetcode-cn.com/problems/minimize-malware-spread,True
长按键入,https://leetcode-cn.com/problems/long-pressed-name,True
将字符串翻转到单调递增,https://leetcode-cn.com/problems/flip-string-to-monotone-increasing,True
三等分,https://leetcode-cn.com/problems/three-equal-parts,True
尽量减少恶意软件的传播 II,https://leetcode-cn.com/problems/minimize-malware-spread-ii,True
独特的电子邮件地址,https://leetcode-cn.com/problems/unique-email-addresses,True
和相同的二元子数组,https://leetcode-cn.com/problems/binary-subarrays-with-sum,True
下降路径最小和,https://leetcode-cn.com/problems/minimum-falling-path-sum,True
漂亮数组,https://leetcode-cn.com/problems/beautiful-array,True
最近的请求次数,https://leetcode-cn.com/problems/number-of-recent-calls,True
最短的桥,https://leetcode-cn.com/problems/shortest-bridge,True
骑士拨号器,https://leetcode-cn.com/problems/knight-dialer,True
戳印序列,https://leetcode-cn.com/problems/stamping-the-sequence,True
重新排列日志文件,https://leetcode-cn.com/problems/reorder-log-files,True
二叉搜索树的范围和,https://leetcode-cn.com/problems/range-sum-of-bst,True
最小面积矩形,https://leetcode-cn.com/problems/minimum-area-rectangle,True
不同的子序列 II,https://leetcode-cn.com/problems/distinct-subsequences-ii,True
有效的山脉数组,https://leetcode-cn.com/problems/valid-mountain-array,True
增减字符串匹配,https://leetcode-cn.com/problems/di-string-match,True
最短超级串,https://leetcode-cn.com/problems/find-the-shortest-superstring,True
删列造序,https://leetcode-cn.com/problems/delete-columns-to-make-sorted,True
使数组唯一的最小增量,https://leetcode-cn.com/problems/minimum-increment-to-make-array-unique,True
验证栈序列,https://leetcode-cn.com/problems/validate-stack-sequences,True
移除最多的同行或同列石头,https://leetcode-cn.com/problems/most-stones-removed-with-same-row-or-column,True
令牌放置,https://leetcode-cn.com/problems/bag-of-tokens,True
给定数字能组成的最大时间,https://leetcode-cn.com/problems/largest-time-for-given-digits,True
按递增顺序显示卡牌,https://leetcode-cn.com/problems/reveal-cards-in-increasing-order,True
翻转等价二叉树,https://leetcode-cn.com/problems/flip-equivalent-binary-trees,True
按公因数计算最大组件大小,https://leetcode-cn.com/problems/largest-component-size-by-common-factor,True
验证外星语词典,https://leetcode-cn.com/problems/verifying-an-alien-dictionary,True
二倍数对数组,https://leetcode-cn.com/problems/array-of-doubled-pairs,True
删列造序 II,https://leetcode-cn.com/problems/delete-columns-to-make-sorted-ii,True
最高的广告牌,https://leetcode-cn.com/problems/tallest-billboard,True
N 天后的牢房,https://leetcode-cn.com/problems/prison-cells-after-n-days,True
二叉树的完全性检验,https://leetcode-cn.com/problems/check-completeness-of-a-binary-tree,True
由斜杠划分区域,https://leetcode-cn.com/problems/regions-cut-by-slashes,True
删列造序 III,https://leetcode-cn.com/problems/delete-columns-to-make-sorted-iii,True
重复 N 次的元素,https://leetcode-cn.com/problems/n-repeated-element-in-size-2n-array,True
最大宽度坡,https://leetcode-cn.com/problems/maximum-width-ramp,True
最小面积矩形 II,https://leetcode-cn.com/problems/minimum-area-rectangle-ii,True
表示数字的最少运算符,https://leetcode-cn.com/problems/least-operators-to-express-number,True
单值二叉树,https://leetcode-cn.com/problems/univalued-binary-tree,True
元音拼写检查器,https://leetcode-cn.com/problems/vowel-spellchecker,True
连续差相同的数字,https://leetcode-cn.com/problems/numbers-with-same-consecutive-differences,True
监控二叉树,https://leetcode-cn.com/problems/binary-tree-cameras,True
煎饼排序,https://leetcode-cn.com/problems/pancake-sorting,True
强整数,https://leetcode-cn.com/problems/powerful-integers,True
翻转二叉树以匹配先序遍历,https://leetcode-cn.com/problems/flip-binary-tree-to-match-preorder-traversal,True
相等的有理数,https://leetcode-cn.com/problems/equal-rational-numbers,True
最接近原点的 K 个点,https://leetcode-cn.com/problems/k-closest-points-to-origin,True
和可被 K 整除的子数组,https://leetcode-cn.com/problems/subarray-sums-divisible-by-k,True
奇偶跳,https://leetcode-cn.com/problems/odd-even-jump,True
三角形的最大周长,https://leetcode-cn.com/problems/largest-perimeter-triangle,True
有序数组的平方,https://leetcode-cn.com/problems/squares-of-a-sorted-array,True
最长湍流子数组,https://leetcode-cn.com/problems/longest-turbulent-subarray,True
在二叉树中分配硬币,https://leetcode-cn.com/problems/distribute-coins-in-binary-tree,True
不同路径 III,https://leetcode-cn.com/problems/unique-paths-iii,True
基于时间的键值存储,https://leetcode-cn.com/problems/time-based-key-value-store,True
按位与为零的三元组,https://leetcode-cn.com/problems/triples-with-bitwise-and-equal-to-zero,True
最低票价,https://leetcode-cn.com/problems/minimum-cost-for-tickets,True
不含 AAA 或 BBB 的字符串,https://leetcode-cn.com/problems/string-without-aaa-or-bbb,True
查询后的偶数和,https://leetcode-cn.com/problems/sum-of-even-numbers-after-queries,True
区间列表的交集,https://leetcode-cn.com/problems/interval-list-intersections,True
二叉树的垂序遍历,https://leetcode-cn.com/problems/vertical-order-traversal-of-a-binary-tree,True
从叶结点开始的最小字符串,https://leetcode-cn.com/problems/smallest-string-starting-from-leaf,True
数组形式的整数加法,https://leetcode-cn.com/problems/add-to-array-form-of-integer,True
等式方程的可满足性,https://leetcode-cn.com/problems/satisfiability-of-equality-equations,True
坏了的计算器,https://leetcode-cn.com/problems/broken-calculator,True
K 个不同整数的子数组,https://leetcode-cn.com/problems/subarrays-with-k-different-integers,True
二叉树的堂兄弟节点,https://leetcode-cn.com/problems/cousins-in-binary-tree,True
腐烂的橘子,https://leetcode-cn.com/problems/rotting-oranges,True
K 连续位的最小翻转次数,https://leetcode-cn.com/problems/minimum-number-of-k-consecutive-bit-flips,True
正方形数组的数目,https://leetcode-cn.com/problems/number-of-squareful-arrays,True
找到小镇的法官,https://leetcode-cn.com/problems/find-the-town-judge,True
最大二叉树 II,https://leetcode-cn.com/problems/maximum-binary-tree-ii,True
车的可用捕获量,https://leetcode-cn.com/problems/available-captures-for-rook,True
合并石头的最低成本,https://leetcode-cn.com/problems/minimum-cost-to-merge-stones,True
网格照明,https://leetcode-cn.com/problems/grid-illumination,True
查找常用字符,https://leetcode-cn.com/problems/find-common-characters,True
检查替换后的词是否有效,https://leetcode-cn.com/problems/check-if-word-is-valid-after-substitutions,True
最大连续1的个数 III,https://leetcode-cn.com/problems/max-consecutive-ones-iii,True
K 次取反后最大化的数组和,https://leetcode-cn.com/problems/maximize-sum-of-array-after-k-negations,True
笨阶乘,https://leetcode-cn.com/problems/clumsy-factorial,True
行相等的最少多米诺旋转,https://leetcode-cn.com/problems/minimum-domino-rotations-for-equal-row,True
先序遍历构造二叉树,https://leetcode-cn.com/problems/construct-binary-search-tree-from-preorder-traversal,True
十进制整数的反码,https://leetcode-cn.com/problems/complement-of-base-10-integer,True
总持续时间可被 60 整除的歌曲,https://leetcode-cn.com/problems/pairs-of-songs-with-total-durations-divisible-by-60,True
在 D 天内送达包裹的能力,https://leetcode-cn.com/problems/capacity-to-ship-packages-within-d-days,True
至少有 1 位重复的数字,https://leetcode-cn.com/problems/numbers-with-repeated-digits,True
将数组分成和相等的三个部分,https://leetcode-cn.com/problems/partition-array-into-three-parts-with-equal-sum,True
最佳观光组合,https://leetcode-cn.com/problems/best-sightseeing-pair,True
可被 K 整除的最小整数,https://leetcode-cn.com/problems/smallest-integer-divisible-by-k,True
子串能表示从 1 到 N 数字的二进制串,https://leetcode-cn.com/problems/binary-string-with-substrings-representing-1-to-n,True
负二进制转换,https://leetcode-cn.com/problems/convert-to-base-2,True
可被 5 整除的二进制前缀,https://leetcode-cn.com/problems/binary-prefix-divisible-by-5,True
链表中的下一个更大节点,https://leetcode-cn.com/problems/next-greater-node-in-linked-list,True
飞地的数量,https://leetcode-cn.com/problems/number-of-enclaves,True
删除最外层的括号,https://leetcode-cn.com/problems/remove-outermost-parentheses,True
从根到叶的二进制数之和,https://leetcode-cn.com/problems/sum-of-root-to-leaf-binary-numbers,True
驼峰式匹配,https://leetcode-cn.com/problems/camelcase-matching,True
视频拼接,https://leetcode-cn.com/problems/video-stitching,True
除数博弈,https://leetcode-cn.com/problems/divisor-game,True
节点与其祖先之间的最大差值,https://leetcode-cn.com/problems/maximum-difference-between-node-and-ancestor,True
最长等差数列,https://leetcode-cn.com/problems/longest-arithmetic-sequence,True
从先序遍历还原二叉树,https://leetcode-cn.com/problems/recover-a-tree-from-preorder-traversal,True
两地调度,https://leetcode-cn.com/problems/two-city-scheduling,True
距离顺序排列矩阵单元格,https://leetcode-cn.com/problems/matrix-cells-in-distance-order,True
两个非重叠子数组的最大和,https://leetcode-cn.com/problems/maximum-sum-of-two-non-overlapping-subarrays,True
字符流,https://leetcode-cn.com/problems/stream-of-characters,True
移动石子直到连续,https://leetcode-cn.com/problems/moving-stones-until-consecutive,True
边框着色,https://leetcode-cn.com/problems/coloring-a-border,True
不相交的线,https://leetcode-cn.com/problems/uncrossed-lines,True
逃离大迷宫,https://leetcode-cn.com/problems/escape-a-large-maze,True
