title,difficult,count_star,count_pass,count_commit,href
两数之和,简单,5079,"356,576","777,263",https://leetcode-cn.com/problems/two-sum
两数相加,中等,2328,"123,159","362,655",https://leetcode-cn.com/problems/add-two-numbers
无重复字符的最长子串,中等,1768,"117,898","402,134",https://leetcode-cn.com/problems/longest-substring-without-repeating-characters
寻找两个有序数组的中位数,困难,1028,"52,642","151,505",https://leetcode-cn.com/problems/median-of-two-sorted-arrays
最长回文子串,中等,850,"56,691","226,267",https://leetcode-cn.com/problems/longest-palindromic-substring
Z 字形变换,中等,286,"31,769","75,134",https://leetcode-cn.com/problems/zigzag-conversion
整数反转,简单,1005,"119,659","370,836",https://leetcode-cn.com/problems/reverse-integer
字符串转换整数 (atoi),中等,319,"41,985","247,935",https://leetcode-cn.com/problems/string-to-integer-atoi
回文数,简单,581,"104,023","186,006",https://leetcode-cn.com/problems/palindrome-number
正则表达式匹配,困难,442,"14,829","65,305",https://leetcode-cn.com/problems/regular-expression-matching
盛最多水的容器,中等,532,"43,209","78,031",https://leetcode-cn.com/problems/container-with-most-water
整数转罗马数字,中等,139,"22,640","38,462",https://leetcode-cn.com/problems/integer-to-roman
罗马数字转整数,简单,463,"59,098","102,879",https://leetcode-cn.com/problems/roman-to-integer
最长公共前缀,简单,538,"76,626","231,577",https://leetcode-cn.com/problems/longest-common-prefix
三数之和,中等,960,"52,556","237,539",https://leetcode-cn.com/problems/3sum
最接近的三数之和,中等,177,"24,178","60,122",https://leetcode-cn.com/problems/3sum-closest
电话号码的字母组合,中等,309,"23,371","47,804",https://leetcode-cn.com/problems/letter-combinations-of-a-phone-number
四数之和,中等,214,"17,795","50,772",https://leetcode-cn.com/problems/4sum
删除链表的倒数第N个节点,中等,378,"42,761","127,855",https://leetcode-cn.com/problems/remove-nth-node-from-end-of-list
有效的括号,简单,791,"71,211","188,165",https://leetcode-cn.com/problems/valid-parentheses
合并两个有序链表,简单,450,"66,010","121,675",https://leetcode-cn.com/problems/merge-two-sorted-lists
括号生成,中等,365,"21,767","31,094",https://leetcode-cn.com/problems/generate-parentheses
合并K个排序链表,困难,229,"22,232","49,036",https://leetcode-cn.com/problems/merge-k-sorted-lists
两两交换链表中的节点,中等,203,"20,906","35,155",https://leetcode-cn.com/problems/swap-nodes-in-pairs
k个一组翻转链表,困难,195,"10,510","20,550",https://leetcode-cn.com/problems/reverse-nodes-in-k-group
删除排序数组中的重复项,简单,860,"113,079","256,570",https://leetcode-cn.com/problems/remove-duplicates-from-sorted-array
移除元素,简单,295,"53,836","98,537",https://leetcode-cn.com/problems/remove-element
实现strStr(),简单,185,"51,298","134,563",https://leetcode-cn.com/problems/implement-strstr
两数相除,中等,121,"11,968","66,289",https://leetcode-cn.com/problems/divide-two-integers
下一个排列,中等,182,"12,173","39,796",https://leetcode-cn.com/problems/next-permutation
最长有效括号,困难,220,"10,165","37,984",https://leetcode-cn.com/problems/longest-valid-parentheses
搜索旋转排序数组,中等,230,"23,272","63,643",https://leetcode-cn.com/problems/search-in-rotated-sorted-array
在排序数组中查找元素的第一个和最后一个位置,中等,127,"17,417","48,090",https://leetcode-cn.com/problems/find-first-and-last-position-of-element-in-sorted-array
搜索插入位置,简单,246,"43,734","100,993",https://leetcode-cn.com/problems/search-insert-position
有效的数独,中等,140,"23,932","45,371",https://leetcode-cn.com/problems/valid-sudoku
报数,简单,220,"29,512","59,417",https://leetcode-cn.com/problems/count-and-say
组合总和,中等,260,"17,312","26,920",https://leetcode-cn.com/problems/combination-sum
组合总和 II,中等,101,"12,101","22,056",https://leetcode-cn.com/problems/combination-sum-ii
缺失的第一个正数,困难,172,"12,702","35,976",https://leetcode-cn.com/problems/first-missing-positive
接雨水,困难,400,"13,735","31,389",https://leetcode-cn.com/problems/trapping-rain-water
字符串相乘,中等,143,"15,049","39,047",https://leetcode-cn.com/problems/multiply-strings
通配符匹配,困难,135,"5,152","23,097",https://leetcode-cn.com/problems/wildcard-matching
跳跃游戏 II,困难,182,"8,987","29,960",https://leetcode-cn.com/problems/jump-game-ii
全排列,中等,265,"23,315","33,987",https://leetcode-cn.com/problems/permutations
全排列 II,中等,95,"11,306","21,769",https://leetcode-cn.com/problems/permutations-ii
旋转图像,中等,203,"21,968","35,823",https://leetcode-cn.com/problems/rotate-image
字母异位词分组,中等,135,"15,561","28,027",https://leetcode-cn.com/problems/group-anagrams
"Pow(x, n)",中等,95,"17,109","52,478",https://leetcode-cn.com/problems/powx-n
N皇后,困难,153,"7,056","11,384",https://leetcode-cn.com/problems/n-queens
N皇后 II,困难,51,"4,922","6,760",https://leetcode-cn.com/problems/n-queens-ii
最大子序和,简单,901,"54,403","121,739",https://leetcode-cn.com/problems/maximum-subarray
螺旋矩阵,中等,147,"13,191","37,582",https://leetcode-cn.com/problems/spiral-matrix
跳跃游戏,中等,174,"16,557","47,492",https://leetcode-cn.com/problems/jump-game
合并区间,中等,114,"13,951","39,314",https://leetcode-cn.com/problems/merge-intervals
插入区间,困难,41,"4,838","14,102",https://leetcode-cn.com/problems/insert-interval
最后一个单词的长度,简单,103,"25,899","87,156",https://leetcode-cn.com/problems/length-of-last-word
螺旋矩阵 II,中等,97,"9,071","12,517",https://leetcode-cn.com/problems/spiral-matrix-ii
第k个排列,中等,77,"7,826","16,958",https://leetcode-cn.com/problems/permutation-sequence
旋转链表,中等,94,"14,102","37,268",https://leetcode-cn.com/problems/rotate-list
不同路径,中等,223,"20,079","37,293",https://leetcode-cn.com/problems/unique-paths
不同路径 II,中等,122,"11,159","35,978",https://leetcode-cn.com/problems/unique-paths-ii
最小路径和,中等,194,"14,794","24,482",https://leetcode-cn.com/problems/minimum-path-sum
有效数字,困难,28,"3,117","21,467",https://leetcode-cn.com/problems/valid-number
加一,简单,267,"50,307","130,704",https://leetcode-cn.com/problems/plus-one
二进制求和,简单,188,"23,859","49,819",https://leetcode-cn.com/problems/add-binary
文本左右对齐,困难,24,"1,900","5,117",https://leetcode-cn.com/problems/text-justification
x 的平方根,简单,157,"34,292","96,252",https://leetcode-cn.com/problems/sqrtx
爬楼梯,简单,475,"46,011","101,867",https://leetcode-cn.com/problems/climbing-stairs
简化路径,中等,44,"8,493","24,002",https://leetcode-cn.com/problems/simplify-path
编辑距离,困难,218,"6,063","12,161",https://leetcode-cn.com/problems/edit-distance
矩阵置零,中等,94,"11,307","21,371",https://leetcode-cn.com/problems/set-matrix-zeroes
搜索二维矩阵,中等,56,"9,027","26,280",https://leetcode-cn.com/problems/search-a-2d-matrix
颜色分类,中等,161,"18,076","34,774",https://leetcode-cn.com/problems/sort-colors
最小覆盖子串,困难,133,"4,934","14,271",https://leetcode-cn.com/problems/minimum-window-substring
组合,中等,117,"10,311","15,324",https://leetcode-cn.com/problems/combinations
子集,中等,232,"18,582","25,517",https://leetcode-cn.com/problems/subsets
单词搜索,中等,130,"9,630","25,834",https://leetcode-cn.com/problems/word-search
删除排序数组中的重复项 II,中等,102,"12,346","25,060",https://leetcode-cn.com/problems/remove-duplicates-from-sorted-array-ii
搜索旋转排序数组 II,中等,38,"5,744","17,213",https://leetcode-cn.com/problems/search-in-rotated-sorted-array-ii
删除排序链表中的重复元素 II,中等,100,"9,801","24,062",https://leetcode-cn.com/problems/remove-duplicates-from-sorted-list-ii
删除排序链表中的重复元素,简单,150,"26,031","57,113",https://leetcode-cn.com/problems/remove-duplicates-from-sorted-list
柱状图中最大的矩形,困难,167,"6,084","16,306",https://leetcode-cn.com/problems/largest-rectangle-in-histogram
最大矩形,困难,132,"3,690","8,654",https://leetcode-cn.com/problems/maximal-rectangle
分隔链表,中等,86,"7,843","16,257",https://leetcode-cn.com/problems/partition-list
扰乱字符串,困难,41,"1,916","4,675",https://leetcode-cn.com/problems/scramble-string
合并两个有序数组,简单,224,"42,976","97,739",https://leetcode-cn.com/problems/merge-sorted-array
格雷编码,中等,61,"6,208","9,620",https://leetcode-cn.com/problems/gray-code
子集 II,中等,82,"6,549","12,106",https://leetcode-cn.com/problems/subsets-ii
解码方法,中等,121,"7,218","35,489",https://leetcode-cn.com/problems/decode-ways
反转链表 II,中等,131,"9,895","22,834",https://leetcode-cn.com/problems/reverse-linked-list-ii
复原IP地址,中等,89,"7,746","17,593",https://leetcode-cn.com/problems/restore-ip-addresses
二叉树的中序遍历,中等,187,"30,168","46,180",https://leetcode-cn.com/problems/binary-tree-inorder-traversal
不同的二叉搜索树 II,中等,125,"5,112","9,457",https://leetcode-cn.com/problems/unique-binary-search-trees-ii
不同的二叉搜索树,中等,140,"7,754","12,983",https://leetcode-cn.com/problems/unique-binary-search-trees
交错字符串,困难,65,"2,788","7,537",https://leetcode-cn.com/problems/interleaving-string
验证二叉搜索树,中等,182,"21,560","84,249",https://leetcode-cn.com/problems/validate-binary-search-tree
恢复二叉搜索树,困难,67,"3,026","5,685",https://leetcode-cn.com/problems/recover-binary-search-tree
相同的树,简单,171,"21,820","41,493",https://leetcode-cn.com/problems/same-tree
对称二叉树,简单,327,"31,261","67,545",https://leetcode-cn.com/problems/symmetric-tree
二叉树的层次遍历,中等,197,"24,559","44,207",https://leetcode-cn.com/problems/binary-tree-level-order-traversal
二叉树的锯齿形层次遍历,中等,55,"10,166","20,779",https://leetcode-cn.com/problems/binary-tree-zigzag-level-order-traversal
二叉树的最大深度,简单,265,"44,409","64,501",https://leetcode-cn.com/problems/maximum-depth-of-binary-tree
从前序与中序遍历序列构造二叉树,中等,147,"12,208","21,211",https://leetcode-cn.com/problems/construct-binary-tree-from-preorder-and-inorder-traversal
从中序与后序遍历序列构造二叉树,中等,75,"7,455","12,393",https://leetcode-cn.com/problems/construct-binary-tree-from-inorder-and-postorder-traversal
二叉树的层次遍历 II,简单,90,"14,718","24,546",https://leetcode-cn.com/problems/binary-tree-level-order-traversal-ii
将有序数组转换为二叉搜索树,简单,174,"18,243","28,994",https://leetcode-cn.com/problems/convert-sorted-array-to-binary-search-tree
有序链表转换二叉搜索树,中等,65,"5,668","8,675",https://leetcode-cn.com/problems/convert-sorted-list-to-binary-search-tree
平衡二叉树,简单,104,"16,039","33,934",https://leetcode-cn.com/problems/balanced-binary-tree
二叉树的最小深度,简单,107,"16,836","43,877",https://leetcode-cn.com/problems/minimum-depth-of-binary-tree
路径总和,简单,134,"16,774","36,419",https://leetcode-cn.com/problems/path-sum
二叉树展开为链表,中等,105,"6,342","10,567",https://leetcode-cn.com/problems/flatten-binary-tree-to-linked-list
不同的子序列,困难,64,"2,515","5,833",https://leetcode-cn.com/problems/distinct-subsequences
填充每个节点的下一个右侧节点指针,中等,63,"8,158","20,837",https://leetcode-cn.com/problems/populating-next-right-pointers-in-each-node
填充每个节点的下一个右侧节点指针 II,中等,46,"4,789","13,498",https://leetcode-cn.com/problems/populating-next-right-pointers-in-each-node-ii
杨辉三角,简单,150,"22,405","36,252",https://leetcode-cn.com/problems/pascals-triangle
杨辉三角 II,简单,66,"13,999","25,207",https://leetcode-cn.com/problems/pascals-triangle-ii
三角形最小路径和,中等,153,"11,716","19,849",https://leetcode-cn.com/problems/triangle
买卖股票的最佳时机,简单,394,"43,580","88,122",https://leetcode-cn.com/problems/best-time-to-buy-and-sell-stock
买卖股票的最佳时机 II,简单,371,"52,129","98,334",https://leetcode-cn.com/problems/best-time-to-buy-and-sell-stock-ii
买卖股票的最佳时机 III,困难,127,"5,321","14,739",https://leetcode-cn.com/problems/best-time-to-buy-and-sell-stock-iii
二叉树中的最大路径和,困难,122,"6,538","18,791",https://leetcode-cn.com/problems/binary-tree-maximum-path-sum
验证回文串,简单,80,"34,294","87,200",https://leetcode-cn.com/problems/valid-palindrome
单词接龙 II,困难,48,"1,562","6,175",https://leetcode-cn.com/problems/word-ladder-ii
单词接龙,中等,83,"5,329","15,933",https://leetcode-cn.com/problems/word-ladder
最长连续序列,困难,102,"7,188","16,653",https://leetcode-cn.com/problems/longest-consecutive-sequence
求根到叶子节点数字之和,中等,55,"5,584","9,832",https://leetcode-cn.com/problems/sum-root-to-leaf-numbers
被围绕的区域,中等,62,"4,780","13,458",https://leetcode-cn.com/problems/surrounded-regions
分割回文串,中等,105,"6,726","10,906",https://leetcode-cn.com/problems/palindrome-partitioning
分割回文串 II,困难,50,"2,183","5,817",https://leetcode-cn.com/problems/palindrome-partitioning-ii
克隆图,中等,40,"3,071","10,638",https://leetcode-cn.com/problems/clone-graph
加油站,中等,98,"6,122","13,232",https://leetcode-cn.com/problems/gas-station
分发糖果,困难,64,"3,194","8,130",https://leetcode-cn.com/problems/candy
只出现一次的数字,简单,656,"64,471","106,239",https://leetcode-cn.com/problems/single-number
只出现一次的数字 II,中等,129,"7,460","11,739",https://leetcode-cn.com/problems/single-number-ii
复制带随机指针的链表,中等,94,"6,131","20,693",https://leetcode-cn.com/problems/copy-list-with-random-pointer
单词拆分,中等,107,"8,762","21,615",https://leetcode-cn.com/problems/word-break
单词拆分 II,困难,44,"3,230","8,795",https://leetcode-cn.com/problems/word-break-ii
环形链表,简单,280,"38,604","99,274",https://leetcode-cn.com/problems/linked-list-cycle
环形链表 II,中等,159,"15,178","39,482",https://leetcode-cn.com/problems/linked-list-cycle-ii
重排链表,中等,69,"4,730","9,704",https://leetcode-cn.com/problems/reorder-list
二叉树的前序遍历,中等,106,"21,192","35,694",https://leetcode-cn.com/problems/binary-tree-preorder-traversal
二叉树的后序遍历,困难,120,"15,779","24,351",https://leetcode-cn.com/problems/binary-tree-postorder-traversal
LRU缓存机制,困难,139,"7,508","18,656",https://leetcode-cn.com/problems/lru-cache
对链表进行插入排序,中等,51,"6,186","10,844",https://leetcode-cn.com/problems/insertion-sort-list
排序链表,中等,182,"12,045","20,161",https://leetcode-cn.com/problems/sort-list
直线上最多的点数,困难,53,"2,607","15,602",https://leetcode-cn.com/problems/max-points-on-a-line
逆波兰表达式求值,中等,51,"7,860","17,953",https://leetcode-cn.com/problems/evaluate-reverse-polish-notation
翻转字符串里的单词,中等,49,"9,570","39,404",https://leetcode-cn.com/problems/reverse-words-in-a-string
乘积最大子序列,中等,170,"9,206","27,417",https://leetcode-cn.com/problems/maximum-product-subarray
寻找旋转排序数组中的最小值,中等,52,"8,849","18,046",https://leetcode-cn.com/problems/find-minimum-in-rotated-sorted-array
寻找旋转排序数组中的最小值 II,困难,35,"3,840","8,736",https://leetcode-cn.com/problems/find-minimum-in-rotated-sorted-array-ii
最小栈,简单,202,"25,074","51,736",https://leetcode-cn.com/problems/min-stack
相交链表,简单,288,"24,794","59,081",https://leetcode-cn.com/problems/intersection-of-two-linked-lists
寻找峰值,中等,52,"9,750","24,767",https://leetcode-cn.com/problems/find-peak-element
最大间距,困难,47,"2,944","5,961",https://leetcode-cn.com/problems/maximum-gap
比较版本号,中等,30,"3,189","10,888",https://leetcode-cn.com/problems/compare-version-numbers
分数到小数,中等,34,"2,674","11,480",https://leetcode-cn.com/problems/fraction-to-recurring-decimal
Excel表列名称,简单,108,"7,646","23,950",https://leetcode-cn.com/problems/excel-sheet-column-title
求众数,简单,235,"39,521","67,278",https://leetcode-cn.com/problems/majority-element
Excel表列序号,简单,61,"13,000","20,403",https://leetcode-cn.com/problems/excel-sheet-column-number
阶乘后的零,简单,116,"11,368","29,850",https://leetcode-cn.com/problems/factorial-trailing-zeroes
二叉搜索树迭代器,中等,56,"4,103","6,736",https://leetcode-cn.com/problems/binary-search-tree-iterator
地下城游戏,困难,76,"1,974","5,827",https://leetcode-cn.com/problems/dungeon-game
组合两个表,简单,358,"41,458","60,981",https://leetcode-cn.com/problems/combine-two-tables
第二高的薪水,简单,290,"29,185","96,300",https://leetcode-cn.com/problems/second-highest-salary
第N高的薪水,中等,146,"12,842","32,993",https://leetcode-cn.com/problems/nth-highest-salary
分数排名,中等,231,"12,414","23,830",https://leetcode-cn.com/problems/rank-scores
最大数,中等,104,"5,598","17,891",https://leetcode-cn.com/problems/largest-number
连续出现的数字,中等,110,"9,032","20,776",https://leetcode-cn.com/problems/consecutive-numbers
超过经理收入的员工,简单,151,"19,677","30,902",https://leetcode-cn.com/problems/employees-earning-more-than-their-managers
查找重复的电子邮箱,简单,107,"24,976","33,600",https://leetcode-cn.com/problems/duplicate-emails
从不订购的客户,简单,89,"18,621","30,832",https://leetcode-cn.com/problems/customers-who-never-order
部门工资最高的员工,中等,116,"10,928","29,677",https://leetcode-cn.com/problems/department-highest-salary
部门工资前三高的员工,困难,168,"7,375","22,538",https://leetcode-cn.com/problems/department-top-three-salaries
重复的DNA序列,中等,24,"2,862","6,847",https://leetcode-cn.com/problems/repeated-dna-sequences
买卖股票的最佳时机 IV,困难,73,"2,327","8,526",https://leetcode-cn.com/problems/best-time-to-buy-and-sell-stock-iv
旋转数组,简单,279,"47,130","126,773",https://leetcode-cn.com/problems/rotate-array
颠倒二进制位,简单,67,"12,316","30,730",https://leetcode-cn.com/problems/reverse-bits
位1的个数,简单,66,"18,751","36,082",https://leetcode-cn.com/problems/number-of-1-bits
统计词频,中等,51,"3,079","10,587",https://leetcode-cn.com/problems/word-frequency
有效电话号码,简单,28,"3,541","14,441",https://leetcode-cn.com/problems/valid-phone-numbers
转置文件,中等,21,"1,661","5,143",https://leetcode-cn.com/problems/transpose-file
第十行,简单,39,"5,764","14,863",https://leetcode-cn.com/problems/tenth-line
删除重复的电子邮箱,简单,121,"12,260","23,525",https://leetcode-cn.com/problems/delete-duplicate-emails
上升的温度,简单,65,"11,058","25,635",https://leetcode-cn.com/problems/rising-temperature
打家劫舍,简单,330,"23,939","60,022",https://leetcode-cn.com/problems/house-robber
二叉树的右视图,中等,67,"4,750","8,237",https://leetcode-cn.com/problems/binary-tree-right-side-view
岛屿的个数,中等,147,"13,195","30,946",https://leetcode-cn.com/problems/number-of-islands
数字范围按位与,中等,34,"2,301","5,899",https://leetcode-cn.com/problems/bitwise-and-of-numbers-range
快乐数,简单,112,"17,204","32,565",https://leetcode-cn.com/problems/happy-number
移除链表元素,简单,228,"23,801","58,435",https://leetcode-cn.com/problems/remove-linked-list-elements
计数质数,简单,152,"16,928","61,576",https://leetcode-cn.com/problems/count-primes
同构字符串,简单,92,"10,184","23,158",https://leetcode-cn.com/problems/isomorphic-strings
反转链表,简单,420,"55,062","90,463",https://leetcode-cn.com/problems/reverse-linked-list
课程表,中等,84,"4,284","9,398",https://leetcode-cn.com/problems/course-schedule
实现 Trie (前缀树),中等,65,"6,069","10,492",https://leetcode-cn.com/problems/implement-trie-prefix-tree
长度最小的子数组,中等,95,"9,026","23,664",https://leetcode-cn.com/problems/minimum-size-subarray-sum
课程表 II,中等,34,"2,660","5,778",https://leetcode-cn.com/problems/course-schedule-ii
添加与搜索单词 - 数据结构设计,中等,45,"2,300","5,826",https://leetcode-cn.com/problems/add-and-search-word-data-structure-design
单词搜索 II,困难,34,"2,232","6,788",https://leetcode-cn.com/problems/word-search-ii
打家劫舍 II,中等,90,"5,229","15,933",https://leetcode-cn.com/problems/house-robber-ii
最短回文串,困难,49,"1,768","5,675",https://leetcode-cn.com/problems/shortest-palindrome
数组中的第K个最大元素,中等,165,"23,941","42,141",https://leetcode-cn.com/problems/kth-largest-element-in-an-array
组合总和 III,中等,45,"4,142","6,253",https://leetcode-cn.com/problems/combination-sum-iii
存在重复元素,简单,135,"54,993","114,695",https://leetcode-cn.com/problems/contains-duplicate
天际线问题,困难,36,"1,123","2,972",https://leetcode-cn.com/problems/the-skyline-problem
存在重复元素 II,简单,80,"12,908","37,769",https://leetcode-cn.com/problems/contains-duplicate-ii
存在重复元素 III,中等,60,"4,374","18,395",https://leetcode-cn.com/problems/contains-duplicate-iii
最大正方形,中等,84,"4,991","13,571",https://leetcode-cn.com/problems/maximal-square
完全二叉树的节点个数,中等,62,"3,872","8,183",https://leetcode-cn.com/problems/count-complete-tree-nodes
矩形面积,中等,22,"2,050","5,065",https://leetcode-cn.com/problems/rectangle-area
基本计算器,困难,61,"1,966","6,292",https://leetcode-cn.com/problems/basic-calculator
用队列实现栈,简单,47,"9,883","16,906",https://leetcode-cn.com/problems/implement-stack-using-queues
翻转二叉树,简单,197,"15,720","22,737",https://leetcode-cn.com/problems/invert-binary-tree
基本计算器 II,中等,36,"2,848","9,156",https://leetcode-cn.com/problems/basic-calculator-ii
汇总区间,中等,19,"2,249","4,783",https://leetcode-cn.com/problems/summary-ranges
求众数 II,中等,64,"3,947","9,849",https://leetcode-cn.com/problems/majority-element-ii
二叉搜索树中第K小的元素,中等,67,"11,513","18,079",https://leetcode-cn.com/problems/kth-smallest-element-in-a-bst
用栈实现队列,简单,72,"10,752","18,053",https://leetcode-cn.com/problems/implement-queue-using-stacks
数字 1 的个数,困难,50,"1,575","5,680",https://leetcode-cn.com/problems/number-of-digit-one
回文链表,简单,203,"22,566","61,706",https://leetcode-cn.com/problems/palindrome-linked-list
二叉搜索树的最近公共祖先,简单,107,"13,088","22,256",https://leetcode-cn.com/problems/lowest-common-ancestor-of-a-binary-search-tree
二叉树的最近公共祖先,中等,164,"12,449","23,253",https://leetcode-cn.com/problems/lowest-common-ancestor-of-a-binary-tree
删除链表中的节点,简单,333,"30,474","41,885",https://leetcode-cn.com/problems/delete-node-in-a-linked-list
除自身以外数组的乘积,中等,152,"9,097","15,060",https://leetcode-cn.com/problems/product-of-array-except-self
滑动窗口最大值,困难,82,"6,302","15,458",https://leetcode-cn.com/problems/sliding-window-maximum
搜索二维矩阵 II,中等,93,"14,357","39,181",https://leetcode-cn.com/problems/search-a-2d-matrix-ii
为运算表达式设计优先级,中等,48,"1,856","2,751",https://leetcode-cn.com/problems/different-ways-to-add-parentheses
有效的字母异位词,简单,76,"28,681","54,764",https://leetcode-cn.com/problems/valid-anagram
二叉树的所有路径,简单,113,"8,653","14,975",https://leetcode-cn.com/problems/binary-tree-paths
各位相加,简单,135,"13,932","22,083",https://leetcode-cn.com/problems/add-digits
只出现一次的数字 III,中等,78,"4,827","7,551",https://leetcode-cn.com/problems/single-number-iii
行程和用户,困难,62,"4,236","10,476",https://leetcode-cn.com/problems/trips-and-users
丑数,简单,52,"9,210","19,951",https://leetcode-cn.com/problems/ugly-number
丑数 II,中等,83,"4,732","10,815",https://leetcode-cn.com/problems/ugly-number-ii
缺失数字,简单,117,"19,306","38,590",https://leetcode-cn.com/problems/missing-number
整数转换英文表示,困难,23,799,"3,752",https://leetcode-cn.com/problems/integer-to-english-words
H指数,中等,22,"2,425","7,141",https://leetcode-cn.com/problems/h-index
H指数 II,中等,9,"1,592","4,216",https://leetcode-cn.com/problems/h-index-ii
第一个错误的版本,简单,70,"16,365","53,120",https://leetcode-cn.com/problems/first-bad-version
完全平方数,中等,121,"9,412","19,174",https://leetcode-cn.com/problems/perfect-squares
给表达式添加运算符,困难,21,428,"1,373",https://leetcode-cn.com/problems/expression-add-operators
移动零,简单,316,"44,637","82,758",https://leetcode-cn.com/problems/move-zeroes
顶端迭代器,中等,13,"1,007","1,512",https://leetcode-cn.com/problems/peeking-iterator
寻找重复数,中等,183,"9,530","16,172",https://leetcode-cn.com/problems/find-the-duplicate-number
生命游戏,中等,39,"2,412","3,909",https://leetcode-cn.com/problems/game-of-life
单词模式,简单,72,"6,860","17,684",https://leetcode-cn.com/problems/word-pattern
Nim 游戏,简单,151,"15,717","23,090",https://leetcode-cn.com/problems/nim-game
数据流的中位数,困难,43,"2,624","7,659",https://leetcode-cn.com/problems/find-median-from-data-stream
二叉树的序列化与反序列化,困难,45,"4,066","10,611",https://leetcode-cn.com/problems/serialize-and-deserialize-binary-tree
猜数字游戏,中等,18,"2,031","4,660",https://leetcode-cn.com/problems/bulls-and-cows
最长上升子序列,中等,176,"12,147","29,608",https://leetcode-cn.com/problems/longest-increasing-subsequence
删除无效的括号,困难,27,"1,045","2,659",https://leetcode-cn.com/problems/remove-invalid-parentheses
区域和检索 - 数组不可变,简单,72,"10,629","20,031",https://leetcode-cn.com/problems/range-sum-query-immutable
二维区域和检索 - 矩阵不可变,中等,28,"1,616","4,128",https://leetcode-cn.com/problems/range-sum-query-2d-immutable
累加数,中等,23,"1,198","3,989",https://leetcode-cn.com/problems/additive-number
区域和检索 - 数组可修改,中等,46,"2,331","4,738",https://leetcode-cn.com/problems/range-sum-query-mutable
最佳买卖股票时机含冷冻期,中等,82,"2,993","6,439",https://leetcode-cn.com/problems/best-time-to-buy-and-sell-stock-with-cooldown
最小高度树,中等,37,"1,193","3,539",https://leetcode-cn.com/problems/minimum-height-trees
戳气球,困难,77,"1,571","2,960",https://leetcode-cn.com/problems/burst-balloons
超级丑数,中等,24,"1,563","2,851",https://leetcode-cn.com/problems/super-ugly-number
计算右侧小于当前元素的个数,困难,58,"2,466","6,549",https://leetcode-cn.com/problems/count-of-smaller-numbers-after-self
最大单词长度乘积,中等,40,"1,677","3,004",https://leetcode-cn.com/problems/maximum-product-of-word-lengths
灯泡开关,中等,43,"2,532","6,341",https://leetcode-cn.com/problems/bulb-switcher
拼接最大数,困难,28,521,"2,040",https://leetcode-cn.com/problems/create-maximum-number
零钱兑换,中等,130,"9,616","30,419",https://leetcode-cn.com/problems/coin-change
摆动排序 II,中等,35,"2,131","6,899",https://leetcode-cn.com/problems/wiggle-sort-ii
3的幂,简单,55,"17,114","39,105",https://leetcode-cn.com/problems/power-of-three
区间和的个数,困难,24,510,"1,571",https://leetcode-cn.com/problems/count-of-range-sum
奇偶链表,中等,59,"9,744","17,389",https://leetcode-cn.com/problems/odd-even-linked-list
矩阵中的最长递增路径,困难,49,"2,149","5,739",https://leetcode-cn.com/problems/longest-increasing-path-in-a-matrix
按要求补齐数组,困难,26,525,"1,381",https://leetcode-cn.com/problems/patching-array
验证二叉树的前序序列化,中等,29,"1,424","3,440",https://leetcode-cn.com/problems/verify-preorder-serialization-of-a-binary-tree
重新安排行程,中等,32,874,"2,918",https://leetcode-cn.com/problems/reconstruct-itinerary
递增的三元子序列,中等,55,"5,812","17,238",https://leetcode-cn.com/problems/increasing-triplet-subsequence
路径交叉,困难,8,311,"1,141",https://leetcode-cn.com/problems/self-crossing
回文对,困难,23,748,"2,825",https://leetcode-cn.com/problems/palindrome-pairs
打家劫舍 III,中等,102,"3,048","5,729",https://leetcode-cn.com/problems/house-robber-iii
比特位计数,中等,132,"7,746","10,846",https://leetcode-cn.com/problems/counting-bits
扁平化嵌套列表迭代器,中等,33,"1,640","2,810",https://leetcode-cn.com/problems/flatten-nested-list-iterator
4的幂,简单,51,"7,788","17,191",https://leetcode-cn.com/problems/power-of-four
整数拆分,中等,78,"5,062","10,127",https://leetcode-cn.com/problems/integer-break
反转字符串,简单,135,"48,405","73,222",https://leetcode-cn.com/problems/reverse-string
反转字符串中的元音字母,简单,46,"9,013","19,413",https://leetcode-cn.com/problems/reverse-vowels-of-a-string
前K个高频元素,中等,115,"11,061","19,787",https://leetcode-cn.com/problems/top-k-frequent-elements
两个数组的交集,简单,90,"19,600","31,393",https://leetcode-cn.com/problems/intersection-of-two-arrays
两个数组的交集 II,简单,143,"32,220","78,299",https://leetcode-cn.com/problems/intersection-of-two-arrays-ii
将数据流变为多个不相交区间,困难,5,311,590,https://leetcode-cn.com/problems/data-stream-as-disjoint-intervals
俄罗斯套娃信封问题,困难,42,"2,075","6,567",https://leetcode-cn.com/problems/russian-doll-envelopes
设计推特,中等,21,668,"2,061",https://leetcode-cn.com/problems/design-twitter
计算各个位数不同的数字个数,中等,26,"2,106","4,726",https://leetcode-cn.com/problems/count-numbers-with-unique-digits
矩形区域不超过 K 的最大数值和,困难,32,459,"1,430",https://leetcode-cn.com/problems/max-sum-of-rectangle-no-larger-than-k
查找和最小的K对数字,中等,29,"1,174","3,287",https://leetcode-cn.com/problems/find-k-pairs-with-smallest-sums
猜数字大小,简单,29,"6,580","17,366",https://leetcode-cn.com/problems/guess-number-higher-or-lower
摆动序列,中等,58,"3,083","8,420",https://leetcode-cn.com/problems/wiggle-subsequence
组合总和 Ⅳ,中等,49,"2,176","5,336",https://leetcode-cn.com/problems/combination-sum-iv
有序矩阵中第K小的元素,中等,65,"3,990","7,339",https://leetcode-cn.com/problems/kth-smallest-element-in-a-sorted-matrix
常数时间插入、删除和获取随机元素,中等,34,"2,903","6,663",https://leetcode-cn.com/problems/insert-delete-getrandom-o1
O(1) 时间插入、删除和获取随机元素 - 允许重复,困难,23,604,"1,926",https://leetcode-cn.com/problems/insert-delete-getrandom-o1-duplicates-allowed
链表随机节点,中等,18,999,"1,927",https://leetcode-cn.com/problems/linked-list-random-node
赎金信,简单,40,"6,557","13,880",https://leetcode-cn.com/problems/ransom-note
打乱数组,中等,25,"6,765","15,079",https://leetcode-cn.com/problems/shuffle-an-array
迷你语法分析器,中等,9,503,"1,339",https://leetcode-cn.com/problems/mini-parser
字典序排数,中等,25,"1,293","2,293",https://leetcode-cn.com/problems/lexicographical-numbers
字符串中的第一个唯一字符,简单,113,"28,456","75,214",https://leetcode-cn.com/problems/first-unique-character-in-a-string
文件的最长绝对路径,中等,7,396,915,https://leetcode-cn.com/problems/longest-absolute-file-path
消除游戏,中等,27,812,"2,234",https://leetcode-cn.com/problems/elimination-game
旋转函数,中等,20,831,"2,311",https://leetcode-cn.com/problems/rotate-function
第N个数字,简单,57,"2,983","9,587",https://leetcode-cn.com/problems/nth-digit
接雨水 II,困难,68,474,"1,592",https://leetcode-cn.com/problems/trapping-rain-water-ii
最长回文串,简单,49,"5,298","11,198",https://leetcode-cn.com/problems/longest-palindrome
分割数组的最大值,困难,43,"1,093","3,018",https://leetcode-cn.com/problems/split-array-largest-sum
Fizz Buzz,简单,27,"13,025","22,010",https://leetcode-cn.com/problems/fizz-buzz
等差数列划分,中等,44,"3,477","6,421",https://leetcode-cn.com/problems/arithmetic-slices
第三大的数,简单,55,"7,542","24,046",https://leetcode-cn.com/problems/third-maximum-number
字符串相加,简单,66,"6,975","15,525",https://leetcode-cn.com/problems/add-strings
分割等和子集,中等,77,"3,562","8,933",https://leetcode-cn.com/problems/partition-equal-subset-sum
甲板上的战舰,中等,18,"1,003","1,555",https://leetcode-cn.com/problems/battleships-in-a-board
数组中两个数的最大异或值,中等,44,987,"1,830",https://leetcode-cn.com/problems/maximum-xor-of-two-numbers-in-an-array
从英文中重建数字,中等,15,836,"1,757",https://leetcode-cn.com/problems/reconstruct-original-digits-from-english
替换后的最长重复字符,中等,28,625,"1,824",https://leetcode-cn.com/problems/longest-repeating-character-replacement
建立四叉树,简单,17,"1,218","2,195",https://leetcode-cn.com/problems/construct-quad-tree
N叉树的层序遍历,简单,32,"5,263","8,659",https://leetcode-cn.com/problems/n-ary-tree-level-order-traversal
扁平化多级双向链表,中等,28,"2,001","5,017",https://leetcode-cn.com/problems/flatten-a-multilevel-doubly-linked-list
全 O(1) 的数据结构,困难,17,930,"2,595",https://leetcode-cn.com/problems/all-oone-data-structure
最小基因变化,中等,10,475,"1,167",https://leetcode-cn.com/problems/minimum-genetic-mutation
字符串中的单词数,简单,33,"5,212","17,192",https://leetcode-cn.com/problems/number-of-segments-in-a-string
无重叠区间,中等,47,"2,177","5,323",https://leetcode-cn.com/problems/non-overlapping-intervals
寻找右区间,中等,12,750,"2,003",https://leetcode-cn.com/problems/find-right-interval
路径总和 III,简单,135,"4,926","10,052",https://leetcode-cn.com/problems/path-sum-iii
找到字符串中所有字母异位词,简单,107,"4,576","12,406",https://leetcode-cn.com/problems/find-all-anagrams-in-a-string
字典序的第K小数字,困难,16,324,"1,215",https://leetcode-cn.com/problems/k-th-smallest-in-lexicographical-order
排列硬币,简单,32,"6,854","18,443",https://leetcode-cn.com/problems/arranging-coins
数组中重复的数据,中等,84,"4,252","7,045",https://leetcode-cn.com/problems/find-all-duplicates-in-an-array
压缩字符串,简单,38,"3,786","11,133",https://leetcode-cn.com/problems/string-compression
两数相加 II,中等,58,"3,795","7,860",https://leetcode-cn.com/problems/add-two-numbers-ii
等差数列划分 II - 子序列,困难,14,331,"1,157",https://leetcode-cn.com/problems/arithmetic-slices-ii-subsequence
回旋镖的数量,简单,44,"3,983","7,395",https://leetcode-cn.com/problems/number-of-boomerangs
找到所有数组中消失的数字,简单,149,"7,093","14,718",https://leetcode-cn.com/problems/find-all-numbers-disappeared-in-an-array
序列化和反序列化二叉搜索树,中等,23,993,"2,071",https://leetcode-cn.com/problems/serialize-and-deserialize-bst
删除二叉搜索树中的节点,中等,59,"2,891","8,450",https://leetcode-cn.com/problems/delete-node-in-a-bst
根据字符出现频率排序,中等,49,"4,424","7,651",https://leetcode-cn.com/problems/sort-characters-by-frequency
最小移动次数使数组元素相等,简单,51,"3,380","6,750",https://leetcode-cn.com/problems/minimum-moves-to-equal-array-elements
四数相加 II,中等,59,"5,208","10,173",https://leetcode-cn.com/problems/4sum-ii
分发饼干,简单,82,"8,725","17,861",https://leetcode-cn.com/problems/assign-cookies
132模式,中等,56,"1,736","7,757",https://leetcode-cn.com/problems/132-pattern
环形数组循环,中等,7,489,"1,638",https://leetcode-cn.com/problems/circular-array-loop
LFU缓存,困难,23,505,"1,755",https://leetcode-cn.com/problems/lfu-cache
汉明距离,简单,154,"17,417","25,158",https://leetcode-cn.com/problems/hamming-distance
最少移动次数使数组元素相等 II,中等,31,"1,379","2,609",https://leetcode-cn.com/problems/minimum-moves-to-equal-array-elements-ii
岛屿的周长,简单,95,"5,661","9,366",https://leetcode-cn.com/problems/island-perimeter
我能赢吗,中等,34,717,"2,427",https://leetcode-cn.com/problems/can-i-win
统计重复个数,困难,11,250,"1,007",https://leetcode-cn.com/problems/count-the-repetitions
环绕字符串中唯一的子字符串,中等,26,596,"1,765",https://leetcode-cn.com/problems/unique-substrings-in-wraparound-string
验证IP地址,中等,11,849,"4,508",https://leetcode-cn.com/problems/validate-ip-address
用 Rand7() 实现 Rand10(),中等,18,"1,320","3,264",https://leetcode-cn.com/problems/implement-rand10-using-rand7
连接词,困难,14,463,"1,221",https://leetcode-cn.com/problems/concatenated-words
火柴拼正方形,中等,34,"1,205","3,891",https://leetcode-cn.com/problems/matchsticks-to-square
一和零,中等,59,"1,528","3,892",https://leetcode-cn.com/problems/ones-and-zeroes
供暖器,简单,44,"2,426","9,110",https://leetcode-cn.com/problems/heaters
数字的补数,简单,101,"8,935","13,314",https://leetcode-cn.com/problems/number-complement
汉明距离总和,中等,35,"1,377","3,463",https://leetcode-cn.com/problems/total-hamming-distance
在圆内随机生成点,中等,4,464,"1,454",https://leetcode-cn.com/problems/generate-random-point-in-a-circle
最大回文数乘积,困难,17,922,"3,292",https://leetcode-cn.com/problems/largest-palindrome-product
神奇字符串,中等,13,571,"1,191",https://leetcode-cn.com/problems/magical-string
密钥格式化,简单,14,"2,232","6,085",https://leetcode-cn.com/problems/license-key-formatting
最小好进制,困难,12,277,772,https://leetcode-cn.com/problems/smallest-good-base
最大连续1的个数,简单,53,"11,778","22,255",https://leetcode-cn.com/problems/max-consecutive-ones
祖玛游戏,困难,17,247,596,https://leetcode-cn.com/problems/zuma-game
构造矩形,简单,13,"2,918","6,362",https://leetcode-cn.com/problems/construct-the-rectangle
翻转对,困难,32,674,"3,713",https://leetcode-cn.com/problems/reverse-pairs
提莫攻击,中等,35,"2,815","5,681",https://leetcode-cn.com/problems/teemo-attacking
下一个更大元素 I,简单,75,"7,959","13,594",https://leetcode-cn.com/problems/next-greater-element-i
非重叠矩形中的随机点,中等,4,211,688,https://leetcode-cn.com/problems/random-point-in-non-overlapping-rectangles
对角线遍历,中等,38,"3,355","8,983",https://leetcode-cn.com/problems/diagonal-traverse
键盘行,简单,38,"6,823","10,349",https://leetcode-cn.com/problems/keyboard-row
二叉搜索树中的众数,简单,44,"2,895","7,067",https://leetcode-cn.com/problems/find-mode-in-binary-search-tree
IPO,困难,10,455,"1,280",https://leetcode-cn.com/problems/ipo
下一个更大元素 II,中等,40,"2,259","4,776",https://leetcode-cn.com/problems/next-greater-element-ii
七进制数,简单,13,"3,517","7,963",https://leetcode-cn.com/problems/base-7
相对名次,简单,24,"2,846","5,826",https://leetcode-cn.com/problems/relative-ranks
完美数,简单,28,"4,679","13,592",https://leetcode-cn.com/problems/perfect-number
出现次数最多的子树元素和,中等,28,"1,277","2,231",https://leetcode-cn.com/problems/most-frequent-subtree-sum
斐波那契数,简单,26,"7,947","12,112",https://leetcode-cn.com/problems/fibonacci-number
找树左下角的值,中等,36,"3,140","4,868",https://leetcode-cn.com/problems/find-bottom-left-tree-value
自由之路,困难,18,356,946,https://leetcode-cn.com/problems/freedom-trail
在每个树行中找最大值,中等,34,"2,468","4,389",https://leetcode-cn.com/problems/find-largest-value-in-each-tree-row
最长回文子序列,中等,64,"2,180","4,919",https://leetcode-cn.com/problems/longest-palindromic-subsequence
超级洗衣机,困难,14,344,991,https://leetcode-cn.com/problems/super-washing-machines
零钱兑换 II,中等,35,"1,448","3,461",https://leetcode-cn.com/problems/coin-change-2
随机翻转矩阵,中等,0,180,608,https://leetcode-cn.com/problems/random-flip-matrix
检测大写字母,简单,55,"7,165","13,762",https://leetcode-cn.com/problems/detect-capital
最长特殊序列 Ⅰ,简单,33,"3,972","6,488",https://leetcode-cn.com/problems/longest-uncommon-subsequence-i
最长特殊序列 II,中等,13,548,"1,981",https://leetcode-cn.com/problems/longest-uncommon-subsequence-ii
连续的子数组和,中等,32,"1,863","8,160",https://leetcode-cn.com/problems/continuous-subarray-sum
通过删除字母匹配到字典里最长单词,中等,23,"1,856","4,394",https://leetcode-cn.com/problems/longest-word-in-dictionary-through-deleting
连续数组,中等,37,987,"2,865",https://leetcode-cn.com/problems/contiguous-array
优美的排列,中等,25,961,"1,870",https://leetcode-cn.com/problems/beautiful-arrangement
按权重随机选择,中等,2,343,958,https://leetcode-cn.com/problems/random-pick-with-weight
扫雷游戏,中等,27,776,"1,462",https://leetcode-cn.com/problems/minesweeper
二叉搜索树的最小绝对差,简单,55,"3,650","6,940",https://leetcode-cn.com/problems/minimum-absolute-difference-in-bst
数组中的K-diff数对,简单,32,"4,042","12,868",https://leetcode-cn.com/problems/k-diff-pairs-in-an-array
TinyURL 的加密与解密,中等,33,"2,888","3,678",https://leetcode-cn.com/problems/encode-and-decode-tinyurl
复数乘法,中等,14,"1,830","2,877",https://leetcode-cn.com/problems/complex-number-multiplication
把二叉搜索树转换为累加树,简单,97,"3,652","6,968",https://leetcode-cn.com/problems/convert-bst-to-greater-tree
最小时间差,中等,18,"1,229","2,641",https://leetcode-cn.com/problems/minimum-time-difference
有序数组中的单一元素,中等,40,"2,395","3,851",https://leetcode-cn.com/problems/single-element-in-a-sorted-array
反转字符串 II,简单,36,"4,432","9,574",https://leetcode-cn.com/problems/reverse-string-ii
01 矩阵,中等,80,"2,628","8,122",https://leetcode-cn.com/problems/01-matrix
二叉树的直径,简单,74,"3,802","8,801",https://leetcode-cn.com/problems/diameter-of-binary-tree
移除盒子,困难,34,300,698,https://leetcode-cn.com/problems/remove-boxes
朋友圈,中等,91,"5,615","11,217",https://leetcode-cn.com/problems/friend-circles
学生出勤记录 I,简单,15,"4,722","9,975",https://leetcode-cn.com/problems/student-attendance-record-i
学生出勤记录 II,困难,21,367,"1,059",https://leetcode-cn.com/problems/student-attendance-record-ii
最优除法,中等,14,717,"1,379",https://leetcode-cn.com/problems/optimal-division
砖墙,中等,26,853,"1,955",https://leetcode-cn.com/problems/brick-wall
下一个更大元素 III,中等,26,785,"3,211",https://leetcode-cn.com/problems/next-greater-element-iii
反转字符串中的单词 III,简单,87,"16,653","25,654",https://leetcode-cn.com/problems/reverse-words-in-a-string-iii
四叉树交集,简单,7,653,"1,543",https://leetcode-cn.com/problems/quad-tree-intersection
N叉树的最大深度,简单,31,"6,553","9,982",https://leetcode-cn.com/problems/maximum-depth-of-n-ary-tree
和为K的子数组,中等,72,"2,629","7,165",https://leetcode-cn.com/problems/subarray-sum-equals-k
数组拆分 I,简单,102,"12,792","19,679",https://leetcode-cn.com/problems/array-partition-i
二叉树的坡度,简单,29,"3,379","7,079",https://leetcode-cn.com/problems/binary-tree-tilt
重塑矩阵,简单,68,"6,106","10,284",https://leetcode-cn.com/problems/reshape-the-matrix
字符串的排列,中等,51,"5,043","15,949",https://leetcode-cn.com/problems/permutation-in-string
另一个树的子树,简单,83,"4,221","10,517",https://leetcode-cn.com/problems/subtree-of-another-tree
分糖果,简单,32,"5,996","9,956",https://leetcode-cn.com/problems/distribute-candies
出界的路径数,中等,18,662,"2,029",https://leetcode-cn.com/problems/out-of-boundary-paths
最短无序连续子数组,简单,97,"4,137","12,898",https://leetcode-cn.com/problems/shortest-unsorted-continuous-subarray
两个字符串的删除操作,中等,38,"1,148","2,747",https://leetcode-cn.com/problems/delete-operation-for-two-strings
安装栅栏,困难,15,179,585,https://leetcode-cn.com/problems/erect-the-fence
N叉树的前序遍历,简单,42,"6,468","9,579",https://leetcode-cn.com/problems/n-ary-tree-preorder-traversal
N叉树的后序遍历,简单,24,"5,505","8,168",https://leetcode-cn.com/problems/n-ary-tree-postorder-traversal
分数加减运算,中等,8,435,968,https://leetcode-cn.com/problems/fraction-addition-and-subtraction
有效的正方形,中等,20,877,"2,306",https://leetcode-cn.com/problems/valid-square
最长和谐子序列,简单,41,"2,818","6,968",https://leetcode-cn.com/problems/longest-harmonious-subsequence
大的国家,简单,88,"19,832","27,286",https://leetcode-cn.com/problems/big-countries
超过5名学生的课,简单,86,"11,885","33,447",https://leetcode-cn.com/problems/classes-more-than-5-students
范围求和 II,简单,18,"2,229","4,627",https://leetcode-cn.com/problems/range-addition-ii
两个列表的最小索引总和,简单,35,"3,976","8,761",https://leetcode-cn.com/problems/minimum-index-sum-of-two-lists
不含连续1的非负整数,困难,28,495,"1,955",https://leetcode-cn.com/problems/non-negative-integers-without-consecutive-ones
体育馆的人流量,困难,50,"4,177","10,544",https://leetcode-cn.com/problems/human-traffic-of-stadium
种花问题,简单,56,"5,960","21,160",https://leetcode-cn.com/problems/can-place-flowers
根据二叉树创建字符串,简单,56,"3,358","6,791",https://leetcode-cn.com/problems/construct-string-from-binary-tree
在系统中查找重复文件,中等,12,506,907,https://leetcode-cn.com/problems/find-duplicate-file-in-system
有效三角形的个数,中等,34,"1,705","3,764",https://leetcode-cn.com/problems/valid-triangle-number
合并二叉树,简单,168,"9,778","14,020",https://leetcode-cn.com/problems/merge-two-binary-trees
有趣的电影,简单,48,"15,208","21,600",https://leetcode-cn.com/problems/not-boring-movies
任务调度器,中等,66,"2,592","5,875",https://leetcode-cn.com/problems/task-scheduler
设计循环队列,中等,29,"6,791","17,671",https://leetcode-cn.com/problems/design-circular-queue
在二叉树中增加一行,中等,31,"1,071","2,284",https://leetcode-cn.com/problems/add-one-row-to-tree
换座位,中等,85,"6,314","10,411",https://leetcode-cn.com/problems/exchange-seats
交换工资,简单,96,"13,068","19,810",https://leetcode-cn.com/problems/swap-salary
三个数的最大乘积,简单,61,"6,152","13,807",https://leetcode-cn.com/problems/maximum-product-of-three-numbers
K个逆序对数组,困难,17,266,702,https://leetcode-cn.com/problems/k-inverse-pairs-array
课程表 III,困难,18,322,"1,253",https://leetcode-cn.com/problems/course-schedule-iii
最小区间,困难,36,315,775,https://leetcode-cn.com/problems/smallest-range
平方数之和,简单,51,"5,234","17,411",https://leetcode-cn.com/problems/sum-of-square-numbers
函数的独占时间,中等,20,510,"1,193",https://leetcode-cn.com/problems/exclusive-time-of-functions
二叉树的层平均值,简单,53,"5,205","8,868",https://leetcode-cn.com/problems/average-of-levels-in-binary-tree
大礼包,中等,34,"1,127","2,102",https://leetcode-cn.com/problems/shopping-offers
解码方法 2,困难,21,334,"1,463",https://leetcode-cn.com/problems/decode-ways-ii
求解方程,中等,15,533,"1,436",https://leetcode-cn.com/problems/solve-the-equation
设计循环双端队列,中等,11,999,"2,298",https://leetcode-cn.com/problems/design-circular-deque
子数组最大平均数 I,简单,47,"4,285","12,797",https://leetcode-cn.com/problems/maximum-average-subarray-i
错误的集合,简单,44,"3,581","10,031",https://leetcode-cn.com/problems/set-mismatch
最长数对链,中等,35,"1,521","3,120",https://leetcode-cn.com/problems/maximum-length-of-pair-chain
回文子串,中等,88,"3,341","6,309",https://leetcode-cn.com/problems/palindromic-substrings
单词替换,中等,26,"1,409","2,837",https://leetcode-cn.com/problems/replace-words
Dota2 参议院,中等,34,811,"2,347",https://leetcode-cn.com/problems/dota2-senate
只有两个键的键盘,中等,73,"2,122","5,073",https://leetcode-cn.com/problems/2-keys-keyboard
寻找重复的子树,中等,30,"1,308","2,676",https://leetcode-cn.com/problems/find-duplicate-subtrees
两数之和 IV - 输入 BST,简单,68,"4,304","8,528",https://leetcode-cn.com/problems/two-sum-iv-input-is-a-bst
最大二叉树,中等,56,"3,828","5,172",https://leetcode-cn.com/problems/maximum-binary-tree
输出二叉树,中等,24,845,"1,748",https://leetcode-cn.com/problems/print-binary-tree
机器人能否返回原点,简单,82,"14,668","20,996",https://leetcode-cn.com/problems/robot-return-to-origin
分割数组为连续子序列,中等,19,673,"1,728",https://leetcode-cn.com/problems/split-array-into-consecutive-subsequences
图片平滑器,简单,24,"2,619","5,626",https://leetcode-cn.com/problems/image-smoother
二叉树最大宽度,中等,36,"1,407","4,234",https://leetcode-cn.com/problems/maximum-width-of-binary-tree
奇怪的打印机,困难,21,281,930,https://leetcode-cn.com/problems/strange-printer
非递减数列,简单,140,"5,257","26,794",https://leetcode-cn.com/problems/non-decreasing-array
优美的排列 II,中等,21,819,"1,548",https://leetcode-cn.com/problems/beautiful-arrangement-ii
乘法表中第k小的数,困难,32,331,"1,097",https://leetcode-cn.com/problems/kth-smallest-number-in-multiplication-table
修剪二叉搜索树,简单,88,"3,763","6,203",https://leetcode-cn.com/problems/trim-a-binary-search-tree
最大交换,中等,27,"1,359","3,889",https://leetcode-cn.com/problems/maximum-swap
二叉树中第二小的节点,简单,38,"2,918","6,554",https://leetcode-cn.com/problems/second-minimum-node-in-a-binary-tree
灯泡开关 Ⅱ,中等,16,408,881,https://leetcode-cn.com/problems/bulb-switcher-ii
最长递增子序列的个数,中等,48,"1,111","3,896",https://leetcode-cn.com/problems/number-of-longest-increasing-subsequence
最长连续递增序列,简单,35,"6,671","16,589",https://leetcode-cn.com/problems/longest-continuous-increasing-subsequence
为高尔夫比赛砍树,困难,16,161,644,https://leetcode-cn.com/problems/cut-off-trees-for-golf-event
实现一个魔法字典,中等,10,522,"1,054",https://leetcode-cn.com/problems/implement-magic-dictionary
键值映射,中等,23,"2,015","3,478",https://leetcode-cn.com/problems/map-sum-pairs
有效的括号字符串,中等,36,871,"3,407",https://leetcode-cn.com/problems/valid-parenthesis-string
24 点游戏,困难,35,710,"1,903",https://leetcode-cn.com/problems/24-game
验证回文字符串 Ⅱ,简单,69,"4,364","14,405",https://leetcode-cn.com/problems/valid-palindrome-ii
棒球比赛,简单,73,"6,809","10,974",https://leetcode-cn.com/problems/baseball-game
冗余连接,中等,40,"1,465","2,997",https://leetcode-cn.com/problems/redundant-connection
冗余连接 II,困难,15,400,"1,415",https://leetcode-cn.com/problems/redundant-connection-ii
重复叠加字符串匹配,简单,40,"2,793","9,541",https://leetcode-cn.com/problems/repeated-string-match
最长同值路径,简单,100,"3,416","9,947",https://leetcode-cn.com/problems/longest-univalue-path
“马”在棋盘上的概率,中等,21,718,"1,757",https://leetcode-cn.com/problems/knight-probability-in-chessboard
三个无重叠子数组的最大和,困难,17,239,579,https://leetcode-cn.com/problems/maximum-sum-of-3-non-overlapping-subarrays
员工的重要性,简单,44,"3,250","6,445",https://leetcode-cn.com/problems/employee-importance
贴纸拼词,困难,19,215,456,https://leetcode-cn.com/problems/stickers-to-spell-word
前K个高频单词,中等,34,"1,749","4,494",https://leetcode-cn.com/problems/top-k-frequent-words
交替位二进制数,简单,29,"5,588","9,475",https://leetcode-cn.com/problems/binary-number-with-alternating-bits
岛屿的最大面积,中等,114,"6,110","11,331",https://leetcode-cn.com/problems/max-area-of-island
计数二进制子串,简单,80,"2,773","6,027",https://leetcode-cn.com/problems/count-binary-substrings
数组的度,简单,61,"3,639","7,927",https://leetcode-cn.com/problems/degree-of-an-array
划分为k个相等的子集,中等,55,"1,384","3,710",https://leetcode-cn.com/problems/partition-to-k-equal-sum-subsets
掉落的方块,困难,15,177,499,https://leetcode-cn.com/problems/falling-squares
二叉搜索树中的搜索,简单,27,"6,376","9,529",https://leetcode-cn.com/problems/search-in-a-binary-search-tree
二叉搜索树中的插入操作,中等,22,"2,780","4,359",https://leetcode-cn.com/problems/insert-into-a-binary-search-tree
数据流中的第K大元素,简单,41,"4,131","10,949",https://leetcode-cn.com/problems/kth-largest-element-in-a-stream
二分查找,简单,48,"10,099","20,756",https://leetcode-cn.com/problems/binary-search
设计哈希集合,简单,14,"3,720","6,865",https://leetcode-cn.com/problems/design-hashset
设计哈希映射,简单,14,"3,049","5,582",https://leetcode-cn.com/problems/design-hashmap
设计链表,简单,65,"6,183","25,584",https://leetcode-cn.com/problems/design-linked-list
转换成小写字母,简单,74,"19,015","25,925",https://leetcode-cn.com/problems/to-lower-case
黑名单中的随机数,困难,6,316,"1,168",https://leetcode-cn.com/problems/random-pick-with-blacklist
两个字符串的最小ASCII删除和,中等,44,"1,258","2,315",https://leetcode-cn.com/problems/minimum-ascii-delete-sum-for-two-strings
乘积小于K的子数组,中等,47,"1,252","4,243",https://leetcode-cn.com/problems/subarray-product-less-than-k
买卖股票的最佳时机含手续费,中等,46,"1,991","4,087",https://leetcode-cn.com/problems/best-time-to-buy-and-sell-stock-with-transaction-fee
Range 模块,困难,11,162,561,https://leetcode-cn.com/problems/range-module
1比特与2比特字符,简单,73,"5,932","13,858",https://leetcode-cn.com/problems/1-bit-and-2-bit-characters
最长重复子数组,中等,62,"2,616","5,966",https://leetcode-cn.com/problems/maximum-length-of-repeated-subarray
找出第 k 小的距离对,困难,30,873,"3,080",https://leetcode-cn.com/problems/find-k-th-smallest-pair-distance
词典中最长的单词,简单,33,"2,086","5,036",https://leetcode-cn.com/problems/longest-word-in-dictionary
账户合并,中等,23,603,"2,125",https://leetcode-cn.com/problems/accounts-merge
删除注释,中等,8,355,"1,493",https://leetcode-cn.com/problems/remove-comments
寻找数组的中心索引,简单,85,"9,481","27,329",https://leetcode-cn.com/problems/find-pivot-index
分隔链表,中等,23,"1,606","3,382",https://leetcode-cn.com/problems/split-linked-list-in-parts
原子的数量,困难,22,438,"1,099",https://leetcode-cn.com/problems/number-of-atoms
自除数,简单,60,"8,540","12,658",https://leetcode-cn.com/problems/self-dividing-numbers
我的日程安排表 I,中等,14,859,"2,131",https://leetcode-cn.com/problems/my-calendar-i
统计不同回文子字符串,困难,15,250,656,https://leetcode-cn.com/problems/count-different-palindromic-subsequences
我的日程安排表 II,中等,14,491,"1,172",https://leetcode-cn.com/problems/my-calendar-ii
我的日程安排表 III,困难,6,232,515,https://leetcode-cn.com/problems/my-calendar-iii
图像渲染,简单,28,"3,046","6,089",https://leetcode-cn.com/problems/flood-fill
行星碰撞,中等,26,"1,183","3,848",https://leetcode-cn.com/problems/asteroid-collision
Lisp 语法解析,困难,5,119,288,https://leetcode-cn.com/problems/parse-lisp-expression
单调递增的数字,中等,19,"1,103","2,927",https://leetcode-cn.com/problems/monotone-increasing-digits
每日温度,中等,89,"4,909","8,390",https://leetcode-cn.com/problems/daily-temperatures
删除与获得点数,中等,51,"1,115","2,375",https://leetcode-cn.com/problems/delete-and-earn
摘樱桃,困难,22,257,"1,065",https://leetcode-cn.com/problems/cherry-pickup
网络延迟时间,中等,31,"1,562","3,712",https://leetcode-cn.com/problems/network-delay-time
寻找比目标字母大的最小字母,简单,28,"4,346","10,344",https://leetcode-cn.com/problems/find-smallest-letter-greater-than-target
前缀和后缀搜索,困难,10,238,951,https://leetcode-cn.com/problems/prefix-and-suffix-search
使用最小花费爬楼梯,简单,128,"8,401","20,074",https://leetcode-cn.com/problems/min-cost-climbing-stairs
至少是其他数字两倍的最大数,简单,38,"8,294","21,453",https://leetcode-cn.com/problems/largest-number-at-least-twice-of-others
最短完整词,简单,13,"1,360","2,623",https://leetcode-cn.com/problems/shortest-completing-word
隔离病毒,困难,3,126,236,https://leetcode-cn.com/problems/contain-virus
打开转盘锁,中等,42,"2,753","5,709",https://leetcode-cn.com/problems/open-the-lock
破解保险箱,困难,5,166,357,https://leetcode-cn.com/problems/cracking-the-safe
到达终点数字,简单,51,"1,482","4,107",https://leetcode-cn.com/problems/reach-a-number
金字塔转换矩阵,中等,16,507,"1,020",https://leetcode-cn.com/problems/pyramid-transition-matrix
设置交集大小至少为2,困难,11,184,653,https://leetcode-cn.com/problems/set-intersection-size-at-least-two
特殊的二进制序列,困难,13,186,359,https://leetcode-cn.com/problems/special-binary-string
二进制表示中质数个计算置位,简单,14,"3,129","5,234",https://leetcode-cn.com/problems/prime-number-of-set-bits-in-binary-representation
划分字母区间,中等,41,"2,101","3,258",https://leetcode-cn.com/problems/partition-labels
最大加号标志,中等,14,526,"1,155",https://leetcode-cn.com/problems/largest-plus-sign
情侣牵手,困难,19,"1,049","2,040",https://leetcode-cn.com/problems/couples-holding-hands
托普利茨矩阵,简单,64,"5,154","8,787",https://leetcode-cn.com/problems/toeplitz-matrix
重构字符串,中等,26,"1,089","3,394",https://leetcode-cn.com/problems/reorganize-string
最多能完成排序的块 II,困难,18,369,911,https://leetcode-cn.com/problems/max-chunks-to-make-sorted-ii
最多能完成排序的块,中等,23,774,"1,695",https://leetcode-cn.com/problems/max-chunks-to-make-sorted
基本计算器 IV,困难,7,70,151,https://leetcode-cn.com/problems/basic-calculator-iv
宝石与石头,简单,370,"34,366","43,292",https://leetcode-cn.com/problems/jewels-and-stones
滑动谜题,困难,25,428,758,https://leetcode-cn.com/problems/sliding-puzzle
全局倒置与局部倒置,中等,15,723,"1,753",https://leetcode-cn.com/problems/global-and-local-inversions
在LR字符串中交换相邻字符,中等,17,740,"2,829",https://leetcode-cn.com/problems/swap-adjacent-in-lr-string
水位上升的泳池中游泳,困难,9,325,763,https://leetcode-cn.com/problems/swim-in-rising-water
第K个语法符号,中等,29,"1,004","2,801",https://leetcode-cn.com/problems/k-th-symbol-in-grammar
到达终点,困难,9,293,"1,168",https://leetcode-cn.com/problems/reaching-points
森林中的兔子,中等,7,"1,038","2,069",https://leetcode-cn.com/problems/rabbits-in-forest
变为棋盘,困难,9,110,269,https://leetcode-cn.com/problems/transform-to-chessboard
二叉搜索树结点最小距离,简单,20,"2,752","5,317",https://leetcode-cn.com/problems/minimum-distance-between-bst-nodes
字母大小写全排列,简单,68,"4,364","8,140",https://leetcode-cn.com/problems/letter-case-permutation
判断二分图,中等,21,972,"2,748",https://leetcode-cn.com/problems/is-graph-bipartite
第 K 个最小的素数分数,困难,8,244,863,https://leetcode-cn.com/problems/k-th-smallest-prime-fraction
K 站中转内最便宜的航班,中等,20,838,"2,523",https://leetcode-cn.com/problems/cheapest-flights-within-k-stops
旋转数字,简单,36,"4,072","7,475",https://leetcode-cn.com/problems/rotated-digits
逃脱阻碍者,中等,6,689,"1,198",https://leetcode-cn.com/problems/escape-the-ghosts
多米诺和托米诺平铺,中等,18,381,"1,132",https://leetcode-cn.com/problems/domino-and-tromino-tiling
自定义字符串排序,中等,22,"1,465","2,405",https://leetcode-cn.com/problems/custom-sort-string
匹配子序列的单词数,中等,33,889,"2,443",https://leetcode-cn.com/problems/number-of-matching-subsequences
阶乘函数后K个零,困难,21,409,"1,543",https://leetcode-cn.com/problems/preimage-size-of-factorial-zeroes-function
有效的井字游戏,中等,8,432,"1,663",https://leetcode-cn.com/problems/valid-tic-tac-toe-state
区间子数组个数,中等,22,821,"1,877",https://leetcode-cn.com/problems/number-of-subarrays-with-bounded-maximum
旋转字符串,简单,38,"3,375","7,261",https://leetcode-cn.com/problems/rotate-string
所有可能的路径,中等,24,835,"1,241",https://leetcode-cn.com/problems/all-paths-from-source-to-target
得分最高的最小轮调,困难,15,151,494,https://leetcode-cn.com/problems/smallest-rotation-with-highest-score
香槟塔,中等,15,375,"1,218",https://leetcode-cn.com/problems/champagne-tower
使序列递增的最小交换次数,中等,22,547,"1,655",https://leetcode-cn.com/problems/minimum-swaps-to-make-sequences-increasing
找到最终的安全状态,中等,11,454,"1,199",https://leetcode-cn.com/problems/find-eventual-safe-states
打砖块,困难,16,134,767,https://leetcode-cn.com/problems/bricks-falling-when-hit
数组的均值分割,困难,13,306,"1,470",https://leetcode-cn.com/problems/split-array-with-same-average
写字符串需要的行数,简单,21,"3,595","5,932",https://leetcode-cn.com/problems/number-of-lines-to-write-string
保持城市天际线,中等,40,"3,398","4,494",https://leetcode-cn.com/problems/max-increase-to-keep-city-skyline
分汤,中等,8,375,"1,063",https://leetcode-cn.com/problems/soup-servings
情感丰富的文字,中等,3,364,"1,094",https://leetcode-cn.com/problems/expressive-words
黑板异或游戏,困难,9,231,493,https://leetcode-cn.com/problems/chalkboard-xor-game
子域名访问计数,简单,35,"3,841","6,172",https://leetcode-cn.com/problems/subdomain-visit-count
最大三角形面积,简单,18,"2,350","4,193",https://leetcode-cn.com/problems/largest-triangle-area
最大平均值和的分组,中等,27,553,"1,434",https://leetcode-cn.com/problems/largest-sum-of-averages
公交路线,困难,9,372,"1,188",https://leetcode-cn.com/problems/bus-routes
模糊坐标,中等,14,381,886,https://leetcode-cn.com/problems/ambiguous-coordinates
链表组件,中等,12,"1,384","2,733",https://leetcode-cn.com/problems/linked-list-components
赛车,困难,16,229,974,https://leetcode-cn.com/problems/race-car
最常见的单词,简单,23,"2,725","8,118",https://leetcode-cn.com/problems/most-common-word
单词的压缩编码,中等,8,394,931,https://leetcode-cn.com/problems/short-encoding-of-words
翻转卡片游戏,中等,3,316,771,https://leetcode-cn.com/problems/card-flipping-game
带因子的二叉树,中等,15,317,819,https://leetcode-cn.com/problems/binary-trees-with-factors
适龄的朋友,中等,22,741,"2,734",https://leetcode-cn.com/problems/friends-of-appropriate-ages
安排工作以达到最大收益,中等,9,563,"1,802",https://leetcode-cn.com/problems/most-profit-assigning-work
最大人工岛,困难,17,289,942,https://leetcode-cn.com/problems/making-a-large-island
独特字符串,困难,16,379,"1,289",https://leetcode-cn.com/problems/unique-letter-string
连续整数求和,困难,28,"1,212","4,778",https://leetcode-cn.com/problems/consecutive-numbers-sum
较大分组的位置,简单,23,"3,846","9,323",https://leetcode-cn.com/problems/positions-of-large-groups
隐藏个人信息,中等,5,687,"2,122",https://leetcode-cn.com/problems/masking-personal-information
翻转图像,简单,104,"14,282","20,042",https://leetcode-cn.com/problems/flipping-an-image
字符串中的查找与替换,中等,11,611,"2,202",https://leetcode-cn.com/problems/find-and-replace-in-string
树中距离之和,困难,17,216,901,https://leetcode-cn.com/problems/sum-of-distances-in-tree
图像重叠,中等,8,630,"1,167",https://leetcode-cn.com/problems/image-overlap
矩形重叠,简单,24,"2,288","5,806",https://leetcode-cn.com/problems/rectangle-overlap
新21点,中等,19,475,"2,077",https://leetcode-cn.com/problems/new-21-game
推多米诺,中等,26,750,"2,118",https://leetcode-cn.com/problems/push-dominoes
相似字符串组,困难,7,321,"1,516",https://leetcode-cn.com/problems/similar-string-groups
矩阵中的幻方,简单,14,"1,946","6,263",https://leetcode-cn.com/problems/magic-squares-in-grid
钥匙和房间,中等,31,"2,697","4,918",https://leetcode-cn.com/problems/keys-and-rooms
将数组拆分成斐波那契序列,中等,14,676,"2,247",https://leetcode-cn.com/problems/split-array-into-fibonacci-sequence
猜猜这个单词,困难,4,275,"1,043",https://leetcode-cn.com/problems/guess-the-word
比较含退格的字符串,简单,44,"5,750","12,369",https://leetcode-cn.com/problems/backspace-string-compare
数组中的最长山脉,中等,25,"1,351","4,891",https://leetcode-cn.com/problems/longest-mountain-in-array
访问所有节点的最短路径,困难,17,328,811,https://leetcode-cn.com/problems/shortest-path-visiting-all-nodes
字母移位,中等,13,"1,570","4,887",https://leetcode-cn.com/problems/shifting-letters
到最近的人的最大距离,简单,56,"3,408","9,745",https://leetcode-cn.com/problems/maximize-distance-to-closest-person
矩形面积 II,困难,15,203,567,https://leetcode-cn.com/problems/rectangle-area-ii
喧闹和富有,中等,9,482,"1,317",https://leetcode-cn.com/problems/loud-and-rich
山脉数组的峰顶索引,简单,46,"10,252","15,155",https://leetcode-cn.com/problems/peak-index-in-a-mountain-array
车队,中等,22,932,"3,191",https://leetcode-cn.com/problems/car-fleet
相似度为 K 的字符串,困难,14,295,"1,600",https://leetcode-cn.com/problems/k-similar-strings
考场就座,中等,12,400,"1,576",https://leetcode-cn.com/problems/exam-room
括号的分数,中等,39,"1,508","2,962",https://leetcode-cn.com/problems/score-of-parentheses
雇佣 K 名工人的最低成本,困难,13,275,810,https://leetcode-cn.com/problems/minimum-cost-to-hire-k-workers
镜面反射,中等,10,526,"1,146",https://leetcode-cn.com/problems/mirror-reflection
柠檬水找零,简单,67,"6,653","13,353",https://leetcode-cn.com/problems/lemonade-change
翻转矩阵后的得分,中等,27,"1,695","2,446",https://leetcode-cn.com/problems/score-after-flipping-matrix
和至少为 K 的最短子数组,困难,50,"1,287","12,975",https://leetcode-cn.com/problems/shortest-subarray-with-sum-at-least-k
二叉树中所有距离为 K 的结点,中等,23,"1,003","2,545",https://leetcode-cn.com/problems/all-nodes-distance-k-in-binary-tree
具有所有最深结点的最小子树,中等,22,697,"1,822",https://leetcode-cn.com/problems/smallest-subtree-with-all-the-deepest-nodes
回文素数,中等,22,"1,046","6,996",https://leetcode-cn.com/problems/prime-palindrome
转置矩阵,简单,59,"8,671","13,679",https://leetcode-cn.com/problems/transpose-matrix
二进制间距,简单,30,"4,284","7,455",https://leetcode-cn.com/problems/binary-gap
重新排序得到 2 的幂,中等,9,"1,098","2,595",https://leetcode-cn.com/problems/reordered-power-of-2
优势洗牌,中等,25,"1,344","4,093",https://leetcode-cn.com/problems/advantage-shuffle
最低加油次数,困难,20,701,"2,679",https://leetcode-cn.com/problems/minimum-number-of-refueling-stops
叶子相似的树,简单,25,"3,912","6,790",https://leetcode-cn.com/problems/leaf-similar-trees
最长的斐波那契子序列的长度,中等,25,"1,424","3,441",https://leetcode-cn.com/problems/length-of-longest-fibonacci-subsequence
模拟行走机器人,简单,36,"2,143","7,608",https://leetcode-cn.com/problems/walking-robot-simulation
爱吃香蕉的珂珂,中等,16,"1,289","3,608",https://leetcode-cn.com/problems/koko-eating-bananas
链表的中间结点,简单,88,"9,931","16,610",https://leetcode-cn.com/problems/middle-of-the-linked-list
石子游戏,中等,46,"3,671","5,824",https://leetcode-cn.com/problems/stone-game
第 N 个神奇数字,困难,22,604,"3,574",https://leetcode-cn.com/problems/nth-magical-number
盈利计划,困难,6,285,"1,269",https://leetcode-cn.com/problems/profitable-schemes
索引处的解码字符串,中等,40,846,"4,552",https://leetcode-cn.com/problems/decoded-string-at-index
救生艇,中等,19,"1,788","5,217",https://leetcode-cn.com/problems/boats-to-save-people
细分图中的可到达结点,困难,5,138,468,https://leetcode-cn.com/problems/reachable-nodes-in-subdivided-graph
三维形体投影面积,简单,22,"2,569","4,315",https://leetcode-cn.com/problems/projection-area-of-3d-shapes
两句话中的不常见单词,简单,28,"3,657","6,640",https://leetcode-cn.com/problems/uncommon-words-from-two-sentences
螺旋矩阵 III,中等,13,677,"1,202",https://leetcode-cn.com/problems/spiral-matrix-iii
可能的二分法,中等,13,655,"2,158",https://leetcode-cn.com/problems/possible-bipartition
鸡蛋掉落,困难,79,"2,632","14,328",https://leetcode-cn.com/problems/super-egg-drop
公平的糖果交换,简单,35,"4,432","9,338",https://leetcode-cn.com/problems/fair-candy-swap
查找和替换模式,中等,20,"1,774","2,689",https://leetcode-cn.com/problems/find-and-replace-pattern
子序列宽度之和,困难,12,433,"2,123",https://leetcode-cn.com/problems/sum-of-subsequence-widths
三维形体的表面积,简单,18,"1,655","3,283",https://leetcode-cn.com/problems/surface-area-of-3d-shapes
特殊等价字符串组,简单,26,"1,650","2,768",https://leetcode-cn.com/problems/groups-of-special-equivalent-strings
所有可能的满二叉树,中等,29,"1,303","1,904",https://leetcode-cn.com/problems/all-possible-full-binary-trees
最大频率栈,困难,17,445,"1,194",https://leetcode-cn.com/problems/maximum-frequency-stack
单调数列,简单,32,"5,830","12,418",https://leetcode-cn.com/problems/monotonic-array
递增顺序查找树,简单,24,"2,474","4,428",https://leetcode-cn.com/problems/increasing-order-search-tree
子数组按位或操作,中等,8,695,"3,223",https://leetcode-cn.com/problems/bitwise-ors-of-subarrays
有序队列,困难,10,453,"1,111",https://leetcode-cn.com/problems/orderly-queue
RLE 迭代器,中等,7,574,"1,638",https://leetcode-cn.com/problems/rle-iterator
股票价格跨度,中等,7,705,"2,229",https://leetcode-cn.com/problems/online-stock-span
最大为 N 的数字组合,困难,14,432,"1,995",https://leetcode-cn.com/problems/numbers-at-most-n-given-digit-set
DI 序列的有效排列,困难,8,150,358,https://leetcode-cn.com/problems/valid-permutations-for-di-sequence
水果成篮,中等,9,941,"3,209",https://leetcode-cn.com/problems/fruit-into-baskets
按奇偶排序数组,简单,85,"15,641","23,043",https://leetcode-cn.com/problems/sort-array-by-parity
超级回文数,困难,6,302,"1,763",https://leetcode-cn.com/problems/super-palindromes
子数组的最小值之和,中等,23,967,"4,361",https://leetcode-cn.com/problems/sum-of-subarray-minimums
最小差值 I,简单,21,"3,835","5,933",https://leetcode-cn.com/problems/smallest-range-i
蛇梯棋,中等,4,308,"1,347",https://leetcode-cn.com/problems/snakes-and-ladders
最小差值 II,中等,15,718,"3,651",https://leetcode-cn.com/problems/smallest-range-ii
在线选举,中等,3,326,974,https://leetcode-cn.com/problems/online-election
排序数组,中等,2,174,332,https://leetcode-cn.com/problems/sort-an-array
猫和老鼠,困难,8,104,493,https://leetcode-cn.com/problems/cat-and-mouse
卡牌分组,简单,37,"3,332","10,957",https://leetcode-cn.com/problems/x-of-a-kind-in-a-deck-of-cards
分割数组,中等,14,"1,102","2,860",https://leetcode-cn.com/problems/partition-array-into-disjoint-intervals
单词子集,中等,13,691,"2,020",https://leetcode-cn.com/problems/word-subsets
仅仅反转字母,简单,18,"3,191","6,824",https://leetcode-cn.com/problems/reverse-only-letters
环形子数组的最大和,中等,9,519,"2,127",https://leetcode-cn.com/problems/maximum-sum-circular-subarray
完全二叉树插入器,中等,2,335,794,https://leetcode-cn.com/problems/complete-binary-tree-inserter
播放列表的数量,困难,11,196,555,https://leetcode-cn.com/problems/number-of-music-playlists
使括号有效的最少添加,中等,15,"2,316","3,578",https://leetcode-cn.com/problems/minimum-add-to-make-parentheses-valid
按奇偶排序数组 II,简单,41,"10,134","15,655",https://leetcode-cn.com/problems/sort-array-by-parity-ii
三数之和的多种可能,中等,11,658,"2,492",https://leetcode-cn.com/problems/3sum-with-multiplicity
尽量减少恶意软件的传播,困难,7,301,788,https://leetcode-cn.com/problems/minimize-malware-spread
长按键入,简单,26,"2,572","6,228",https://leetcode-cn.com/problems/long-pressed-name
将字符串翻转到单调递增,中等,17,886,"2,303",https://leetcode-cn.com/problems/flip-string-to-monotone-increasing
三等分,困难,8,342,"1,273",https://leetcode-cn.com/problems/three-equal-parts
尽量减少恶意软件的传播 II,困难,4,174,418,https://leetcode-cn.com/problems/minimize-malware-spread-ii
独特的电子邮件地址,简单,68,"8,610","12,943",https://leetcode-cn.com/problems/unique-email-addresses
和相同的二元子数组,中等,4,780,"2,671",https://leetcode-cn.com/problems/binary-subarrays-with-sum
下降路径最小和,中等,15,"1,313","2,479",https://leetcode-cn.com/problems/minimum-falling-path-sum
漂亮数组,中等,12,568,"1,110",https://leetcode-cn.com/problems/beautiful-array
最近的请求次数,简单,17,"2,682","4,055",https://leetcode-cn.com/problems/number-of-recent-calls
最短的桥,中等,23,527,"1,317",https://leetcode-cn.com/problems/shortest-bridge
骑士拨号器,中等,6,567,"1,773",https://leetcode-cn.com/problems/knight-dialer
戳印序列,困难,6,163,587,https://leetcode-cn.com/problems/stamping-the-sequence
重新排列日志文件,简单,7,"1,446","2,871",https://leetcode-cn.com/problems/reorder-log-files
二叉搜索树的范围和,简单,26,"3,162","4,228",https://leetcode-cn.com/problems/range-sum-of-bst
最小面积矩形,中等,7,501,"1,324",https://leetcode-cn.com/problems/minimum-area-rectangle
不同的子序列 II,困难,9,304,805,https://leetcode-cn.com/problems/distinct-subsequences-ii
增减字符串匹配,简单,51,"5,200","7,529",https://leetcode-cn.com/problems/di-string-match
最短超级串,困难,7,137,456,https://leetcode-cn.com/problems/find-the-shortest-superstring
删列造序,简单,13,"3,233","4,888",https://leetcode-cn.com/problems/delete-columns-to-make-sorted
使数组唯一的最小增量,中等,11,"1,188","3,093",https://leetcode-cn.com/problems/minimum-increment-to-make-array-unique
验证栈序列,中等,16,"1,652","3,305",https://leetcode-cn.com/problems/validate-stack-sequences
移除最多的同行或同列石头,中等,11,399,951,https://leetcode-cn.com/problems/most-stones-removed-with-same-row-or-column
令牌放置,中等,10,669,"2,174",https://leetcode-cn.com/problems/bag-of-tokens
给定数字能组成的最大时间,简单,9,"1,301","4,394",https://leetcode-cn.com/problems/largest-time-for-given-digits
按递增顺序显示卡牌,中等,20,"1,791","2,359",https://leetcode-cn.com/problems/reveal-cards-in-increasing-order
翻转等价二叉树,中等,8,826,"1,520",https://leetcode-cn.com/problems/flip-equivalent-binary-trees
按公因数计算最大组件大小,困难,3,241,"1,102",https://leetcode-cn.com/problems/largest-component-size-by-common-factor
验证外星语词典,简单,12,"1,618","3,027",https://leetcode-cn.com/problems/verifying-an-alien-dictionary
二倍数对数组,中等,7,756,"3,084",https://leetcode-cn.com/problems/array-of-doubled-pairs
删列造序 II,中等,9,373,"1,533",https://leetcode-cn.com/problems/delete-columns-to-make-sorted-ii
最高的广告牌,困难,7,260,876,https://leetcode-cn.com/problems/tallest-billboard
N 天后的牢房,中等,17,877,"2,870",https://leetcode-cn.com/problems/prison-cells-after-n-days
二叉树的完全性检验,中等,7,828,"1,969",https://leetcode-cn.com/problems/check-completeness-of-a-binary-tree
由斜杠划分区域,中等,7,339,592,https://leetcode-cn.com/problems/regions-cut-by-slashes
删列造序 III,困难,6,193,413,https://leetcode-cn.com/problems/delete-columns-to-make-sorted-iii
重复 N 次的元素,简单,28,"8,314","12,531",https://leetcode-cn.com/problems/n-repeated-element-in-size-2n-array
最大宽度坡,中等,3,"1,158","3,625",https://leetcode-cn.com/problems/maximum-width-ramp
表示数字的最少运算符,困难,4,140,470,https://leetcode-cn.com/problems/least-operators-to-express-number
单值二叉树,简单,14,"3,831","5,900",https://leetcode-cn.com/problems/univalued-binary-tree
元音拼写检查器,中等,7,428,"1,178",https://leetcode-cn.com/problems/vowel-spellchecker
煎饼排序,中等,10,"1,142","1,943",https://leetcode-cn.com/problems/pancake-sorting
强整数,简单,15,"1,834","4,953",https://leetcode-cn.com/problems/powerful-integers
翻转二叉树以匹配先序遍历,中等,3,421,"1,073",https://leetcode-cn.com/problems/flip-binary-tree-to-match-preorder-traversal
相等的有理数,困难,3,228,583,https://leetcode-cn.com/problems/equal-rational-numbers
最接近原点的 K 个点,中等,13,"3,189","5,308",https://leetcode-cn.com/problems/k-closest-points-to-origin
和可被 K 整除的子数组,中等,8,685,"2,210",https://leetcode-cn.com/problems/subarray-sums-divisible-by-k
奇偶跳,困难,11,299,696,https://leetcode-cn.com/problems/odd-even-jump
路径总和 II,中等,82,"8,492","15,555",https://leetcode-cn.com/problems/path-sum-ii
两数之和 II - 输入有序数组,简单,132,"23,553","48,722",https://leetcode-cn.com/problems/two-sum-ii-input-array-is-sorted
2的幂,简单,106,"18,359","40,403",https://leetcode-cn.com/problems/power-of-two
去除重复字母,困难,36,"1,088","3,679",https://leetcode-cn.com/problems/remove-duplicate-letters
水壶问题,中等,24,"1,298","5,020",https://leetcode-cn.com/problems/water-and-jug-problem
有效的完全平方数,简单,47,"9,061","22,215",https://leetcode-cn.com/problems/valid-perfect-square
最大整除子集,中等,32,"1,392","4,262",https://leetcode-cn.com/problems/largest-divisible-subset
两整数之和,简单,105,"9,724","18,578",https://leetcode-cn.com/problems/sum-of-two-integers
超级次方,中等,34,"1,113","3,374",https://leetcode-cn.com/problems/super-pow
UTF-8 编码验证,中等,16,"1,323","3,757",https://leetcode-cn.com/problems/utf-8-validation
字符串解码,中等,74,"2,941","6,916",https://leetcode-cn.com/problems/decode-string
至少有K个重复字符的最长子串,中等,43,"1,699","4,458",https://leetcode-cn.com/problems/longest-substring-with-at-least-k-repeating-characters
整数替换,中等,30,"1,726","5,763",https://leetcode-cn.com/problems/integer-replacement
随机数索引,中等,14,957,"1,847",https://leetcode-cn.com/problems/random-pick-index
除法求值,中等,24,632,"1,350",https://leetcode-cn.com/problems/evaluate-division
二进制手表,简单,59,"3,439","7,372",https://leetcode-cn.com/problems/binary-watch
移掉K位数字,中等,71,"2,770","11,054",https://leetcode-cn.com/problems/remove-k-digits
青蛙过河,困难,26,889,"3,332",https://leetcode-cn.com/problems/frog-jump
左叶子之和,简单,74,"6,312","12,739",https://leetcode-cn.com/problems/sum-of-left-leaves
数字转换为十六进制数,简单,25,"3,202","7,066",https://leetcode-cn.com/problems/convert-a-number-to-hexadecimal
根据身高重建队列,中等,82,"2,296","3,798",https://leetcode-cn.com/problems/queue-reconstruction-by-height
太平洋大西洋水流问题,中等,32,"1,118","2,926",https://leetcode-cn.com/problems/pacific-atlantic-water-flow
强密码检验器,困难,13,167,"1,331",https://leetcode-cn.com/problems/strong-password-checker
用最少数量的箭引爆气球,中等,41,"2,160","4,875",https://leetcode-cn.com/problems/minimum-number-of-arrows-to-burst-balloons
可怜的小猪,困难,54,"1,561","3,187",https://leetcode-cn.com/problems/poor-pigs
重复的子字符串,简单,88,"5,148","12,858",https://leetcode-cn.com/problems/repeated-substring-pattern
滑动窗口中位数,困难,18,439,"1,523",https://leetcode-cn.com/problems/sliding-window-median
预测赢家,中等,57,"1,432","3,239",https://leetcode-cn.com/problems/predict-the-winner
递增子序列,中等,37,"1,178","2,830",https://leetcode-cn.com/problems/increasing-subsequences
目标和,中等,64,"3,939","9,572",https://leetcode-cn.com/problems/target-sum
寻找最近的回文数,困难,24,497,"4,497",https://leetcode-cn.com/problems/find-the-closest-palindrome
数组嵌套,中等,43,"1,201","2,557",https://leetcode-cn.com/problems/array-nesting
标签验证器,困难,7,114,446,https://leetcode-cn.com/problems/tag-validator
找到 K 个最接近的元素,中等,23,"1,726","4,604",https://leetcode-cn.com/problems/find-k-closest-elements
唯一摩尔斯密码词,简单,67,"10,723","15,119",https://leetcode-cn.com/problems/unique-morse-code-words
二叉树剪枝,中等,51,"2,377","3,453",https://leetcode-cn.com/problems/binary-tree-pruning
字符的最短距离,简单,69,"5,117","8,092",https://leetcode-cn.com/problems/shortest-distance-to-a-character
山羊拉丁文,简单,20,"3,214","5,890",https://leetcode-cn.com/problems/goat-latin
一手顺子,中等,21,"1,581","3,820",https://leetcode-cn.com/problems/hand-of-straights
亲密字符串,简单,42,"3,934","15,825",https://leetcode-cn.com/problems/buddy-strings
获取所有钥匙的最短路径,困难,10,223,620,https://leetcode-cn.com/problems/shortest-path-to-get-all-keys
根据前序和后序遍历构造二叉树,中等,24,"1,104","1,990",https://leetcode-cn.com/problems/construct-binary-tree-from-preorder-and-postorder-traversal
有效的山脉数组,简单,11,"2,752","8,306",https://leetcode-cn.com/problems/valid-mountain-array
最小面积矩形 II,中等,7,450,882,https://leetcode-cn.com/problems/minimum-area-rectangle-ii
连续差相同的数字,中等,5,850,"2,676",https://leetcode-cn.com/problems/numbers-with-same-consecutive-differences
监控二叉树,困难,13,409,"1,247",https://leetcode-cn.com/problems/binary-tree-cameras
三角形的最大周长,简单,22,"3,822","6,855",https://leetcode-cn.com/problems/largest-perimeter-triangle
有序数组的平方,简单,37,"12,252","17,256",https://leetcode-cn.com/problems/squares-of-a-sorted-array
最长湍流子数组,中等,10,934,"2,568",https://leetcode-cn.com/problems/longest-turbulent-subarray
在二叉树中分配硬币,中等,13,686,"1,076",https://leetcode-cn.com/problems/distribute-coins-in-binary-tree
不同路径 III,困难,6,558,813,https://leetcode-cn.com/problems/unique-paths-iii
按位与为零的三元组,困难,4,285,707,https://leetcode-cn.com/problems/triples-with-bitwise-and-equal-to-zero
最低票价,中等,20,870,"1,788",https://leetcode-cn.com/problems/minimum-cost-for-tickets
不含 AAA 或 BBB 的字符串,中等,12,"1,496","4,813",https://leetcode-cn.com/problems/string-without-aaa-or-bbb
查询后的偶数和,简单,19,"3,280","5,516",https://leetcode-cn.com/problems/sum-of-even-numbers-after-queries
区间列表的交集,中等,6,672,"1,164",https://leetcode-cn.com/problems/interval-list-intersections
二叉树的垂序遍历,中等,3,407,"1,259",https://leetcode-cn.com/problems/vertical-order-traversal-of-a-binary-tree
从叶结点开始的最小字符串,中等,7,594,"1,528",https://leetcode-cn.com/problems/smallest-string-starting-from-leaf
数组形式的整数加法,简单,16,"2,610","6,320",https://leetcode-cn.com/problems/add-to-array-form-of-integer
等式方程的可满足性,中等,6,534,"1,610",https://leetcode-cn.com/problems/satisfiability-of-equality-equations
坏了的计算器,中等,12,"1,080","2,209",https://leetcode-cn.com/problems/broken-calculator
K 个不同整数的子数组,困难,8,301,"1,150",https://leetcode-cn.com/problems/subarrays-with-k-different-integers
二叉树的堂兄弟节点,简单,12,"1,383","3,033",https://leetcode-cn.com/problems/cousins-in-binary-tree
腐烂的橘子,简单,14,"1,228","2,716",https://leetcode-cn.com/problems/rotting-oranges
K 连续位的最小翻转次数,困难,6,357,916,https://leetcode-cn.com/problems/minimum-number-of-k-consecutive-bit-flips
正方形数组的数目,困难,5,255,717,https://leetcode-cn.com/problems/number-of-squareful-arrays
找到小镇的法官,简单,12,"1,875","4,234",https://leetcode-cn.com/problems/find-the-town-judge
最大二叉树 II,中等,3,547,"1,011",https://leetcode-cn.com/problems/maximum-binary-tree-ii
车的可用捕获量,简单,8,"1,631","2,560",https://leetcode-cn.com/problems/available-captures-for-rook
合并石头的最低成本,困难,13,192,979,https://leetcode-cn.com/problems/minimum-cost-to-merge-stones
网格照明,困难,3,307,"1,190",https://leetcode-cn.com/problems/grid-illumination
查找常用字符,简单,16,"2,279","3,566",https://leetcode-cn.com/problems/find-common-characters
检查替换后的词是否有效,中等,3,943,"1,868",https://leetcode-cn.com/problems/check-if-word-is-valid-after-substitutions
最大连续1的个数 III,中等,8,744,"1,900",https://leetcode-cn.com/problems/max-consecutive-ones-iii
K 次取反后最大化的数组和,简单,8,"1,754","3,969",https://leetcode-cn.com/problems/maximize-sum-of-array-after-k-negations
笨阶乘,中等,3,"1,066","2,344",https://leetcode-cn.com/problems/clumsy-factorial
行相等的最少多米诺旋转,中等,5,691,"1,925",https://leetcode-cn.com/problems/minimum-domino-rotations-for-equal-row
先序遍历构造二叉树,中等,9,"1,218","1,725",https://leetcode-cn.com/problems/construct-binary-search-tree-from-preorder-traversal
十进制整数的反码,简单,5,"1,979","3,772",https://leetcode-cn.com/problems/complement-of-base-10-integer
总持续时间可被 60 整除的歌曲,简单,11,"1,849","4,664",https://leetcode-cn.com/problems/pairs-of-songs-with-total-durations-divisible-by-60
在 D 天内送达包裹的能力,中等,8,897,"2,123",https://leetcode-cn.com/problems/capacity-to-ship-packages-within-d-days
至少有 1 位重复的数字,困难,22,378,"1,799",https://leetcode-cn.com/problems/numbers-with-repeated-digits
将数组分成和相等的三个部分,简单,6,"1,441","3,281",https://leetcode-cn.com/problems/partition-array-into-three-parts-with-equal-sum
最佳观光组合,中等,2,665,"2,070",https://leetcode-cn.com/problems/best-sightseeing-pair
可被 K 整除的最小整数,中等,4,701,"3,251",https://leetcode-cn.com/problems/smallest-integer-divisible-by-k
子串能表示从 1 到 N 数字的二进制串,中等,3,575,"1,078",https://leetcode-cn.com/problems/binary-string-with-substrings-representing-1-to-n
负二进制转换,中等,2,604,"1,364",https://leetcode-cn.com/problems/convert-to-base-2
可被 5 整除的二进制前缀,简单,11,"1,873","5,277",https://leetcode-cn.com/problems/binary-prefix-divisible-by-5
链表中的下一个更大节点,中等,3,991,"2,608",https://leetcode-cn.com/problems/next-greater-node-in-linked-list
飞地的数量,中等,6,675,"1,614",https://leetcode-cn.com/problems/number-of-enclaves
删除最外层的括号,简单,12,"2,401","3,151",https://leetcode-cn.com/problems/remove-outermost-parentheses
从根到叶的二进制数之和,简单,3,846,"2,795",https://leetcode-cn.com/problems/sum-of-root-to-leaf-binary-numbers
驼峰式匹配,中等,2,567,"1,193",https://leetcode-cn.com/problems/camelcase-matching
视频拼接,中等,3,529,"1,210",https://leetcode-cn.com/problems/video-stitching
除数博弈,简单,7,"1,729","2,914",https://leetcode-cn.com/problems/divisor-game
节点与其祖先之间的最大差值,中等,4,690,"1,551",https://leetcode-cn.com/problems/maximum-difference-between-node-and-ancestor
最长等差数列,中等,0,533,"1,947",https://leetcode-cn.com/problems/longest-arithmetic-sequence
从先序遍历还原二叉树,困难,5,379,667,https://leetcode-cn.com/problems/recover-a-tree-from-preorder-traversal
两地调度,简单,6,"1,084","2,390",https://leetcode-cn.com/problems/two-city-scheduling
距离顺序排列矩阵单元格,简单,5,806,"1,520",https://leetcode-cn.com/problems/matrix-cells-in-distance-order
两个非重叠子数组的最大和,中等,4,476,"1,029",https://leetcode-cn.com/problems/maximum-sum-of-two-non-overlapping-subarrays
字符流,困难,7,240,"1,308",https://leetcode-cn.com/problems/stream-of-characters
移动石子直到连续,简单,3,764,"2,481",https://leetcode-cn.com/problems/moving-stones-until-consecutive
边框着色,中等,0,355,"1,108",https://leetcode-cn.com/problems/coloring-a-border
不相交的线,中等,3,336,895,https://leetcode-cn.com/problems/uncrossed-lines
逃离大迷宫,困难,1,214,725,https://leetcode-cn.com/problems/escape-a-large-maze
串联所有单词的子串,困难,82,"6,530","25,416",https://leetcode-cn.com/problems/substring-with-concatenation-of-all-words
解数独,困难,150,"5,782","10,882",https://leetcode-cn.com/problems/sudoku-solver
猜数字大小 II,中等,44,"1,384","4,359",https://leetcode-cn.com/problems/guess-number-higher-or-lower-ii
找不同,简单,67,"8,866","15,816",https://leetcode-cn.com/problems/find-the-difference
完美矩形,困难,22,308,"1,489",https://leetcode-cn.com/problems/perfect-rectangle
判断子序列,中等,40,"4,677","10,032",https://leetcode-cn.com/problems/is-subsequence
基于时间的键值存储,中等,3,385,"1,183",https://leetcode-cn.com/problems/time-based-key-value-store
